timestamp,source_file,Production_kW,To Building_kW,To Grid_kW,Consumption_kW,From Solar_kW,From Grid_kW
2026-09-01 00:00:00,3MW1SEP2026.csv,0.0,0.0,0.0,1660.0,0.0,1660.0
2026-09-01 00:15:00,3MW1SEP2026.csv,0.0,0.0,0.0,1580.0,0.0,1580.0
2026-09-01 00:30:00,3MW1SEP2026.csv,0.0,0.0,0.0,1510.0,0.0,1510.0
2026-09-01 00:45:00,3MW1SEP2026.csv,0.0,0.0,0.0,1510.0,0.0,1510.0
2026-09-01 01:00:00,3MW1SEP2026.csv,0.0,0.0,0.0,1550.0,0.0,1550.0
2026-09-01 01:15:00,3MW1SEP2026.csv,0.0,0.0,0.0,1540.0,0.0,1540.0
2026-09-01 01:30:00,3MW1SEP2026.csv,0.0,0.0,0.0,1680.0,0.0,1680.0
2026-09-01 01:45:00,3MW1SEP2026.csv,0.0,0.0,0.0,1620.0,0.0,1620.0
2026-09-01 02:00:00,3MW1SEP2026.csv,0.0,0.0,0.0,1850.0,0.0,1850.0
2026-09-01 02:15:00,3MW1SEP2026.csv,0.0,0.0,0.0,2380.0,0.0,2380.0
2026-09-01 02:30:00,3MW1SEP2026.csv,0.0,0.0,0.0,2300.0,0.0,2300.0
2026-09-01 02:45:00,3MW1SEP2026.csv,0.0,0.0,0.0,2090.0,0.0,2090.0
2026-09-01 03:00:00,3MW1SEP2026.csv,0.0,0.0,0.0,2290.0,0.0,2290.0
2026-09-01 03:15:00,3MW1SEP2026.csv,0.0,0.0,0.0,1820.0,0.0,1820.0
2026-09-01 03:30:00,3MW1SEP2026.csv,0.0,0.0,0.0,1790.0,0.0,1790.0
2026-09-01 03:45:00,3MW1SEP2026.csv,0.0,0.0,0.0,1760.0,0.0,1760.0
2026-09-01 04:00:00,3MW1SEP2026.csv,0.0,0.0,0.0,1710.0,0.0,1710.0
2026-09-01 04:15:00,3MW1SEP2026.csv,0.0,0.0,0.0,1950.0,0.0,1950.0
2026-09-01 04:30:00,3MW1SEP2026.csv,0.0,0.0,0.0,1820.0,0.0,1820.0
2026-09-01 04:45:00,3MW1SEP2026.csv,0.0,0.0,0.0,1820.0,0.0,1820.0
2026-09-01 05:00:00,3MW1SEP2026.csv,0.0,0.0,0.0,1720.0,0.0,1720.0
2026-09-01 05:15:00,3MW1SEP2026.csv,0.0,0.0,0.0,2210.0,0.0,2210.0
2026-09-01 05:30:00,3MW1SEP2026.csv,0.0,0.0,0.0,2310.0,0.0,2310.0
2026-09-01 05:45:00,3MW1SEP2026.csv,0.0,0.0,0.0,2300.0,0.0,2300.0
2026-09-01 06:00:00,3MW1SEP2026.csv,0.0,0.0,0.0,1930.0,0.0,1930.0
2026-09-01 06:15:00,3MW1SEP2026.csv,0.0,0.0,0.0,1820.0,0.0,1820.0
2026-09-01 06:30:00,3MW1SEP2026.csv,30.0,30.0,0.0,1980.0,30.0,1950.0
2026-09-01 06:45:00,3MW1SEP2026.csv,80.0,80.0,0.0,1910.0,80.0,1840.0
2026-09-01 07:00:00,3MW1SEP2026.csv,160.0,160.0,0.0,1830.0,160.0,1670.0
2026-09-01 07:15:00,3MW1SEP2026.csv,240.0,240.0,0.0,1880.0,240.0,1640.0
2026-09-01 07:30:00,3MW1SEP2026.csv,370.0,370.0,0.0,1870.0,370.0,1500.0
2026-09-01 07:45:00,3MW1SEP2026.csv,500.0,500.0,0.0,1880.0,500.0,1380.0
2026-09-01 08:00:00,3MW1SEP2026.csv,620.0,620.0,0.0,1790.0,620.0,1160.0
2026-09-01 08:15:00,3MW1SEP2026.csv,970.0,970.0,0.0,2009.9999999999998,970.0,1040.0
2026-09-01 08:30:00,3MW1SEP2026.csv,980.0,980.0,0.0,1890.0,980.0,910.0
2026-09-01 08:45:00,3MW1SEP2026.csv,750.0,750.0,0.0,1920.0,750.0,1170.0
2026-09-01 09:00:00,3MW1SEP2026.csv,770.0,770.0,0.0,1920.0,770.0,1150.0
2026-09-01 09:15:00,3MW1SEP2026.csv,1230.0,1230.0,0.0,1920.0,1230.0,680.0
2026-09-01 09:30:00,3MW1SEP2026.csv,960.0,960.0,0.0,1860.0,960.0,890.0
2026-09-01 09:45:00,3MW1SEP2026.csv,1010.0,1010.0,0.0,1920.0,1010.0,900.0
2026-09-01 10:00:00,3MW1SEP2026.csv,1150.0,1150.0,0.0,2060.0,1150.0,910.0
2026-09-01 10:15:00,3MW1SEP2026.csv,1220.0,1220.0,0.0,2340.0,1220.0,1120.0
2026-09-01 10:30:00,3MW1SEP2026.csv,1600.0,1600.0,0.0,2380.0,1600.0,780.0
2026-09-01 10:45:00,3MW1SEP2026.csv,1400.0,1400.0,0.0,2330.0,1400.0,920.0
2026-09-01 11:00:00,3MW1SEP2026.csv,1890.0,1890.0,0.0,2470.0,1890.0,570.0
2026-09-01 11:15:00,3MW1SEP2026.csv,2029.9999999999998,2029.9999999999998,0.0,2360.0,2029.9999999999998,330.0
2026-09-01 11:30:00,3MW1SEP2026.csv,1700.0,1700.0,0.0,2410.0,1700.0,710.0
2026-09-01 11:45:00,3MW1SEP2026.csv,1830.0,1830.0,0.0,2210.0,1830.0,380.0
2026-09-01 12:00:00,3MW1SEP2026.csv,1650.0,1630.0,20.0,1980.0,1630.0,350.0
2026-09-01 12:15:00,3MW1SEP2026.csv,1680.0,1680.0,0.0,1860.0,1680.0,180.0
2026-09-01 12:30:00,3MW1SEP2026.csv,1710.0,1710.0,0.0,2020.0,1710.0,310.0
2026-09-01 12:45:00,3MW1SEP2026.csv,1730.0,1730.0,0.0,1940.0,1730.0,220.0
2026-09-01 13:00:00,3MW1SEP2026.csv,1680.0,1680.0,0.0,1820.0,1680.0,150.0
2026-09-01 13:15:00,3MW1SEP2026.csv,1610.0,1560.0,50.0,1780.0,1560.0,220.0
2026-09-01 13:30:00,3MW1SEP2026.csv,1360.0,1360.0,0.0,1920.0,1360.0,560.0
2026-09-01 13:45:00,3MW1SEP2026.csv,1620.0,1620.0,0.0,1900.0,1620.0,280.0
2026-09-01 14:00:00,3MW1SEP2026.csv,1070.0,1070.0,0.0,1740.0,1070.0,670.0
2026-09-01 14:15:00,3MW1SEP2026.csv,1680.0,1640.0,40.0,1760.0,1640.0,120.0
2026-09-01 14:30:00,3MW1SEP2026.csv,1840.0,1840.0,0.0,1930.0,1840.0,90.0
2026-09-01 14:45:00,3MW1SEP2026.csv,1790.0,1750.0,40.0,1900.0,1750.0,150.0
2026-09-01 15:00:00,3MW1SEP2026.csv,1660.0,1660.0,0.0,1870.0,1660.0,200.0
2026-09-01 15:15:00,3MW1SEP2026.csv,1630.0,1630.0,0.0,2170.0,1630.0,540.0
2026-09-01 15:30:00,3MW1SEP2026.csv,740.0,740.0,0.0,2380.0,740.0,1640.0
2026-09-01 15:45:00,3MW1SEP2026.csv,1190.0,1190.0,0.0,2050.0,1190.0,860.0
2026-09-01 16:00:00,3MW1SEP2026.csv,1150.0,1150.0,0.0,1950.0,1150.0,800.0
2026-09-01 16:15:00,3MW1SEP2026.csv,1040.0,1040.0,0.0,2060.0,1040.0,1020.0
2026-09-01 16:30:00,3MW1SEP2026.csv,900.0,900.0,0.0,1960.0,900.0,1060.0
2026-09-01 16:45:00,3MW1SEP2026.csv,640.0,640.0,0.0,2020.0,640.0,1370.0
2026-09-01 17:00:00,3MW1SEP2026.csv,270.0,270.0,0.0,1890.0,270.0,1620.0
2026-09-01 17:15:00,3MW1SEP2026.csv,180.0,180.0,0.0,1860.0,180.0,1680.0
2026-09-01 17:30:00,3MW1SEP2026.csv,210.0,210.0,0.0,1820.0,210.0,1610.0
2026-09-01 17:45:00,3MW1SEP2026.csv,140.0,140.0,0.0,1730.0,140.0,1590.0
2026-09-01 18:00:00,3MW1SEP2026.csv,10.0,10.0,0.0,1860.0,10.0,1850.0
2026-09-01 18:15:00,3MW1SEP2026.csv,0.0,0.0,0.0,1850.0,0.0,1840.0
2026-09-01 18:30:00,3MW1SEP2026.csv,0.0,0.0,0.0,1900.0,0.0,1900.0
2026-09-01 18:45:00,3MW1SEP2026.csv,0.0,0.0,0.0,1780.0,0.0,1780.0
2026-09-01 19:00:00,3MW1SEP2026.csv,0.0,0.0,0.0,1760.0,0.0,1760.0
2026-09-01 19:15:00,3MW1SEP2026.csv,0.0,0.0,0.0,1860.0,0.0,1860.0
2026-09-01 19:30:00,3MW1SEP2026.csv,0.0,0.0,0.0,1900.0,0.0,1900.0
2026-09-01 19:45:00,3MW1SEP2026.csv,0.0,0.0,0.0,2190.0,0.0,2190.0
2026-09-01 20:00:00,3MW1SEP2026.csv,0.0,0.0,0.0,2320.0,0.0,2320.0
2026-09-01 20:15:00,3MW1SEP2026.csv,0.0,0.0,0.0,2430.0,0.0,2430.0
2026-09-01 20:30:00,3MW1SEP2026.csv,0.0,0.0,0.0,1900.0,0.0,1900.0
2026-09-01 20:45:00,3MW1SEP2026.csv,0.0,0.0,0.0,1820.0,0.0,1820.0
2026-09-01 21:00:00,3MW1SEP2026.csv,0.0,0.0,0.0,1970.0,0.0,1970.0
2026-09-01 21:15:00,3MW1SEP2026.csv,0.0,0.0,0.0,1830.0,0.0,1830.0
2026-09-01 21:30:00,3MW1SEP2026.csv,0.0,0.0,0.0,1790.0,0.0,1790.0
2026-09-01 21:45:00,3MW1SEP2026.csv,0.0,0.0,0.0,1780.0,0.0,1780.0
2026-09-01 22:00:00,3MW1SEP2026.csv,0.0,0.0,0.0,1940.0,0.0,1940.0
2026-09-01 22:15:00,3MW1SEP2026.csv,0.0,0.0,0.0,1820.0,0.0,1820.0
2026-09-01 22:30:00,3MW1SEP2026.csv,0.0,0.0,0.0,1780.0,0.0,1780.0
2026-09-01 22:45:00,3MW1SEP2026.csv,0.0,0.0,0.0,1840.0,0.0,1840.0
2026-09-01 23:00:00,3MW1SEP2026.csv,0.0,0.0,0.0,1840.0,0.0,1840.0
2026-09-01 23:15:00,3MW1SEP2026.csv,0.0,0.0,0.0,1790.0,0.0,1790.0
2026-09-01 23:30:00,3MW1SEP2026.csv,0.0,0.0,0.0,1890.0,0.0,1890.0
2026-09-01 23:45:00,3MW1SEP2026.csv,0.0,0.0,0.0,1900.0,0.0,1900.0
2026-09-02 00:00:00,3MW2SEP2026.csv,0.0,0.0,0.0,1750.0,0.0,1750.0
2026-09-02 00:15:00,3MW2SEP2026.csv,0.0,0.0,0.0,1630.0,0.0,1630.0
2026-09-02 00:30:00,3MW2SEP2026.csv,0.0,0.0,0.0,1710.0,0.0,1710.0
2026-09-02 00:45:00,3MW2SEP2026.csv,0.0,0.0,0.0,1810.0,0.0,1810.0
2026-09-02 01:00:00,3MW2SEP2026.csv,0.0,0.0,0.0,1790.0,0.0,1790.0
2026-09-02 01:15:00,3MW2SEP2026.csv,0.0,0.0,0.0,1890.0,0.0,1890.0
2026-09-02 01:30:00,3MW2SEP2026.csv,0.0,0.0,0.0,1910.0,0.0,1910.0
2026-09-02 01:45:00,3MW2SEP2026.csv,0.0,0.0,0.0,1920.0,0.0,1920.0
2026-09-02 02:00:00,3MW2SEP2026.csv,0.0,0.0,0.0,1660.0,0.0,1660.0
2026-09-02 02:15:00,3MW2SEP2026.csv,0.0,0.0,0.0,2029.9999999999998,0.0,2029.9999999999998
2026-09-02 02:30:00,3MW2SEP2026.csv,0.0,0.0,0.0,2210.0,0.0,2210.0
2026-09-02 02:45:00,3MW2SEP2026.csv,0.0,0.0,0.0,2320.0,0.0,2320.0
2026-09-02 03:00:00,3MW2SEP2026.csv,0.0,0.0,0.0,2320.0,0.0,2320.0
2026-09-02 03:15:00,3MW2SEP2026.csv,0.0,0.0,0.0,2310.0,0.0,2310.0
2026-09-02 03:30:00,3MW2SEP2026.csv,0.0,0.0,0.0,2360.0,0.0,2360.0
2026-09-02 03:45:00,3MW2SEP2026.csv,0.0,0.0,0.0,2120.0,0.0,2120.0
2026-09-02 04:00:00,3MW2SEP2026.csv,0.0,0.0,0.0,1960.0,0.0,1960.0
2026-09-02 04:15:00,3MW2SEP2026.csv,0.0,0.0,0.0,1610.0,0.0,1610.0
2026-09-02 04:30:00,3MW2SEP2026.csv,0.0,0.0,0.0,2050.0,0.0,2050.0
2026-09-02 04:45:00,3MW2SEP2026.csv,0.0,0.0,0.0,2080.0,0.0,2080.0
2026-09-02 05:00:00,3MW2SEP2026.csv,0.0,0.0,0.0,2260.0,0.0,2260.0
2026-09-02 05:15:00,3MW2SEP2026.csv,0.0,0.0,0.0,2250.0,0.0,2250.0
2026-09-02 05:30:00,3MW2SEP2026.csv,0.0,0.0,0.0,2110.0,0.0,2110.0
2026-09-02 05:45:00,3MW2SEP2026.csv,0.0,0.0,0.0,2150.0,0.0,2150.0
2026-09-02 06:00:00,3MW2SEP2026.csv,0.0,0.0,0.0,1880.0,0.0,1870.0
2026-09-02 06:15:00,3MW2SEP2026.csv,30.0,30.0,0.0,2140.0,30.0,2110.0
2026-09-02 06:30:00,3MW2SEP2026.csv,100.0,100.0,0.0,2280.0,100.0,2190.0
2026-09-02 06:45:00,3MW2SEP2026.csv,150.0,150.0,0.0,2100.0,150.0,1950.0
2026-09-02 07:00:00,3MW2SEP2026.csv,140.0,140.0,0.0,1510.0,140.0,1370.0
2026-09-02 07:15:00,3MW2SEP2026.csv,310.0,310.0,0.0,1890.0,310.0,1580.0
2026-09-02 07:30:00,3MW2SEP2026.csv,310.0,310.0,0.0,1810.0,310.0,1500.0
2026-09-02 07:45:00,3MW2SEP2026.csv,420.0,420.0,0.0,2040.0,420.0,1620.0
2026-09-02 08:00:00,3MW2SEP2026.csv,550.0,550.0,0.0,2130.0,550.0,1580.0
2026-09-02 08:15:00,3MW2SEP2026.csv,510.0,510.0,0.0,1830.0,510.0,1330.0
2026-09-02 08:30:00,3MW2SEP2026.csv,650.0,650.0,0.0,1630.0,650.0,980.0
2026-09-02 08:45:00,3MW2SEP2026.csv,850.0,850.0,0.0,1380.0,850.0,530.0
2026-09-02 09:00:00,3MW2SEP2026.csv,940.0,940.0,0.0,1150.0,940.0,210.0
2026-09-02 09:15:00,3MW2SEP2026.csv,810.0,810.0,0.0,1240.0,810.0,420.0
2026-09-02 09:30:00,3MW2SEP2026.csv,830.0,830.0,0.0,1300.0,830.0,460.0
2026-09-02 09:45:00,3MW2SEP2026.csv,960.0,960.0,0.0,1280.0,960.0,320.0
2026-09-02 10:00:00,3MW2SEP2026.csv,1070.0,1050.0,20.0,1240.0,1050.0,200.0
2026-09-02 10:15:00,3MW2SEP2026.csv,1100.0,1100.0,0.0,1130.0,1100.0,30.0
2026-09-02 10:30:00,3MW2SEP2026.csv,1490.0,1490.0,0.0,1720.0,1490.0,230.0
2026-09-02 10:45:00,3MW2SEP2026.csv,1550.0,1550.0,0.0,1760.0,1550.0,200.0
2026-09-02 11:00:00,3MW2SEP2026.csv,1660.0,1660.0,0.0,1800.0,1660.0,140.0
2026-09-02 11:15:00,3MW2SEP2026.csv,1610.0,1570.0,40.0,1690.0,1570.0,120.0
2026-09-02 11:30:00,3MW2SEP2026.csv,1360.0,1360.0,0.0,1820.0,1360.0,460.0
2026-09-02 11:45:00,3MW2SEP2026.csv,1580.0,1580.0,0.0,1800.0,1580.0,220.0
2026-09-02 12:00:00,3MW2SEP2026.csv,1410.0,1410.0,0.0,1770.0,1410.0,360.0
2026-09-02 12:15:00,3MW2SEP2026.csv,1550.0,1550.0,0.0,1840.0,1550.0,290.0
2026-09-02 12:30:00,3MW2SEP2026.csv,1580.0,1580.0,0.0,1910.0,1580.0,330.0
2026-09-02 12:45:00,3MW2SEP2026.csv,1610.0,1550.0,60.0,1920.0,1550.0,360.0
2026-09-02 13:00:00,3MW2SEP2026.csv,1800.0,1800.0,0.0,1920.0,1800.0,120.0
2026-09-02 13:15:00,3MW2SEP2026.csv,1840.0,1810.0,30.0,1940.0,1810.0,130.0
2026-09-02 13:30:00,3MW2SEP2026.csv,1730.0,1730.0,0.0,1810.0,1730.0,70.0
2026-09-02 13:45:00,3MW2SEP2026.csv,1730.0,1700.0,30.0,1720.0,1700.0,20.0
2026-09-02 14:00:00,3MW2SEP2026.csv,1540.0,1520.0,20.0,1760.0,1520.0,240.0
2026-09-02 14:15:00,3MW2SEP2026.csv,1540.0,1540.0,0.0,1660.0,1540.0,110.0
2026-09-02 14:30:00,3MW2SEP2026.csv,1200.0,1140.0,60.0,1610.0,1140.0,480.0
2026-09-02 14:45:00,3MW2SEP2026.csv,1650.0,1650.0,0.0,1750.0,1650.0,90.0
2026-09-02 15:00:00,3MW2SEP2026.csv,1390.0,1300.0,90.0,1320.0,1300.0,20.0
2026-09-02 15:15:00,3MW2SEP2026.csv,1020.0,1020.0,0.0,1090.0,1020.0,70.0
2026-09-02 15:30:00,3MW2SEP2026.csv,1110.0,1110.0,0.0,1180.0,1110.0,70.0
2026-09-02 15:45:00,3MW2SEP2026.csv,1050.0,1030.0,20.0,1290.0,1030.0,260.0
2026-09-02 16:00:00,3MW2SEP2026.csv,1080.0,1080.0,0.0,1730.0,1080.0,640.0
2026-09-02 16:15:00,3MW2SEP2026.csv,1050.0,1050.0,0.0,1740.0,1050.0,690.0
2026-09-02 16:30:00,3MW2SEP2026.csv,920.0,920.0,0.0,1890.0,920.0,980.0
2026-09-02 16:45:00,3MW2SEP2026.csv,740.0,740.0,0.0,1880.0,740.0,1140.0
2026-09-02 17:00:00,3MW2SEP2026.csv,610.0,610.0,0.0,2040.0,610.0,1440.0
2026-09-02 17:15:00,3MW2SEP2026.csv,450.0,450.0,0.0,1780.0,450.0,1330.0
2026-09-02 17:30:00,3MW2SEP2026.csv,300.0,300.0,0.0,1690.0,300.0,1390.0
2026-09-02 17:45:00,3MW2SEP2026.csv,140.0,140.0,0.0,1710.0,140.0,1570.0
2026-09-02 18:00:00,3MW2SEP2026.csv,40.0,40.0,0.0,1740.0,40.0,1700.0
2026-09-02 18:15:00,3MW2SEP2026.csv,0.0,0.0,0.0,1750.0,0.0,1750.0
2026-09-02 18:30:00,3MW2SEP2026.csv,0.0,0.0,0.0,1780.0,0.0,1780.0
2026-09-02 18:45:00,3MW2SEP2026.csv,0.0,0.0,0.0,1490.0,0.0,1490.0
2026-09-02 19:00:00,3MW2SEP2026.csv,0.0,0.0,0.0,1600.0,0.0,1600.0
2026-09-02 19:15:00,3MW2SEP2026.csv,0.0,0.0,0.0,1560.0,0.0,1560.0
2026-09-02 19:30:00,3MW2SEP2026.csv,0.0,0.0,0.0,1170.0,0.0,1170.0
2026-09-02 19:45:00,3MW2SEP2026.csv,0.0,0.0,0.0,1570.0,0.0,1570.0
2026-09-02 20:00:00,3MW2SEP2026.csv,0.0,0.0,0.0,1680.0,0.0,1680.0
2026-09-02 20:15:00,3MW2SEP2026.csv,0.0,0.0,0.0,1990.0,0.0,1990.0
2026-09-02 20:30:00,3MW2SEP2026.csv,0.0,0.0,0.0,1670.0,0.0,1670.0
2026-09-02 20:45:00,3MW2SEP2026.csv,0.0,0.0,0.0,1930.0,0.0,1930.0
2026-09-02 21:00:00,3MW2SEP2026.csv,0.0,0.0,0.0,1750.0,0.0,1750.0
2026-09-02 21:15:00,3MW2SEP2026.csv,0.0,0.0,0.0,1670.0,0.0,1670.0
2026-09-02 21:30:00,3MW2SEP2026.csv,0.0,0.0,0.0,1860.0,0.0,1860.0
2026-09-02 21:45:00,3MW2SEP2026.csv,0.0,0.0,0.0,1670.0,0.0,1670.0
2026-09-02 22:00:00,3MW2SEP2026.csv,0.0,0.0,0.0,1830.0,0.0,1830.0
2026-09-02 22:15:00,3MW2SEP2026.csv,0.0,0.0,0.0,1800.0,0.0,1800.0
2026-09-02 22:30:00,3MW2SEP2026.csv,0.0,0.0,0.0,1910.0,0.0,1910.0
2026-09-02 22:45:00,3MW2SEP2026.csv,0.0,0.0,0.0,1880.0,0.0,1880.0
2026-09-02 23:00:00,3MW2SEP2026.csv,0.0,0.0,0.0,1880.0,0.0,1880.0
2026-09-02 23:15:00,3MW2SEP2026.csv,0.0,0.0,0.0,1850.0,0.0,1850.0
2026-09-02 23:30:00,3MW2SEP2026.csv,0.0,0.0,0.0,1910.0,0.0,1910.0
2026-09-02 23:45:00,3MW2SEP2026.csv,0.0,0.0,0.0,1800.0,0.0,1800.0
2026-09-03 00:00:00,3MW3SEP2026.csv,0.0,0.0,0.0,1860.0,0.0,1860.0
2026-09-03 00:15:00,3MW3SEP2026.csv,0.0,0.0,0.0,1790.0,0.0,1790.0
2026-09-03 00:30:00,3MW3SEP2026.csv,0.0,0.0,0.0,1880.0,0.0,1880.0
2026-09-03 00:45:00,3MW3SEP2026.csv,0.0,0.0,0.0,1840.0,0.0,1840.0
2026-09-03 01:00:00,3MW3SEP2026.csv,0.0,0.0,0.0,1880.0,0.0,1880.0
2026-09-03 01:15:00,3MW3SEP2026.csv,0.0,0.0,0.0,1900.0,0.0,1900.0
2026-09-03 01:30:00,3MW3SEP2026.csv,0.0,0.0,0.0,1970.0,0.0,1970.0
2026-09-03 01:45:00,3MW3SEP2026.csv,0.0,0.0,0.0,1290.0,0.0,1290.0
2026-09-03 02:00:00,3MW3SEP2026.csv,0.0,0.0,0.0,1340.0,0.0,1340.0
2026-09-03 02:15:00,3MW3SEP2026.csv,0.0,0.0,0.0,1340.0,0.0,1340.0
2026-09-03 02:30:00,3MW3SEP2026.csv,0.0,0.0,0.0,1980.0,0.0,1980.0
2026-09-03 02:45:00,3MW3SEP2026.csv,0.0,0.0,0.0,1800.0,0.0,1800.0
2026-09-03 03:00:00,3MW3SEP2026.csv,0.0,0.0,0.0,1850.0,0.0,1850.0
2026-09-03 03:15:00,3MW3SEP2026.csv,0.0,0.0,0.0,2000.0,0.0,2000.0
2026-09-03 03:30:00,3MW3SEP2026.csv,0.0,0.0,0.0,1990.0,0.0,1990.0
2026-09-03 03:45:00,3MW3SEP2026.csv,0.0,0.0,0.0,1900.0,0.0,1900.0
2026-09-03 04:00:00,3MW3SEP2026.csv,0.0,0.0,0.0,1880.0,0.0,1880.0
2026-09-03 04:15:00,3MW3SEP2026.csv,0.0,0.0,0.0,1770.0,0.0,1770.0
2026-09-03 04:30:00,3MW3SEP2026.csv,0.0,0.0,0.0,1890.0,0.0,1890.0
2026-09-03 04:45:00,3MW3SEP2026.csv,0.0,0.0,0.0,1770.0,0.0,1770.0
2026-09-03 05:00:00,3MW3SEP2026.csv,0.0,0.0,0.0,1870.0,0.0,1870.0
2026-09-03 05:15:00,3MW3SEP2026.csv,0.0,0.0,0.0,1930.0,0.0,1930.0
2026-09-03 05:30:00,3MW3SEP2026.csv,0.0,0.0,0.0,1430.0,0.0,1430.0
2026-09-03 05:45:00,3MW3SEP2026.csv,0.0,0.0,0.0,1310.0,0.0,1310.0
2026-09-03 06:00:00,3MW3SEP2026.csv,0.0,0.0,0.0,1320.0,0.0,1320.0
2026-09-03 06:15:00,3MW3SEP2026.csv,10.0,10.0,0.0,1330.0,10.0,1310.0
2026-09-03 06:30:00,3MW3SEP2026.csv,50.0,50.0,0.0,1730.0,50.0,1670.0
2026-09-03 06:45:00,3MW3SEP2026.csv,120.0,120.0,0.0,1890.0,120.0,1760.0
2026-09-03 07:00:00,3MW3SEP2026.csv,230.0,230.0,0.0,1750.0,230.0,1520.0
2026-09-03 07:15:00,3MW3SEP2026.csv,390.0,390.0,0.0,1820.0,390.0,1430.0
2026-09-03 07:30:00,3MW3SEP2026.csv,450.0,450.0,0.0,1900.0,450.0,1450.0
2026-09-03 07:45:00,3MW3SEP2026.csv,350.0,350.0,0.0,1820.0,350.0,1470.0
2026-09-03 08:00:00,3MW3SEP2026.csv,520.0,520.0,0.0,1800.0,520.0,1280.0
2026-09-03 08:15:00,3MW3SEP2026.csv,650.0,650.0,0.0,1940.0,650.0,1280.0
2026-09-03 08:30:00,3MW3SEP2026.csv,1000.0,1000.0,0.0,1870.0,1000.0,860.0
2026-09-03 08:45:00,3MW3SEP2026.csv,920.0,920.0,0.0,1480.0,920.0,560.0
2026-09-03 09:00:00,3MW3SEP2026.csv,1150.0,1150.0,0.0,1490.0,1150.0,340.0
2026-09-03 09:15:00,3MW3SEP2026.csv,1550.0,1550.0,0.0,2020.0,1550.0,470.0
2026-09-03 09:30:00,3MW3SEP2026.csv,1480.0,1480.0,0.0,1990.0,1480.0,510.0
2026-09-03 09:45:00,3MW3SEP2026.csv,1560.0,1560.0,0.0,1740.0,1560.0,180.0
2026-09-03 10:00:00,3MW3SEP2026.csv,1590.0,1590.0,0.0,1640.0,1590.0,50.0
2026-09-03 10:15:00,3MW3SEP2026.csv,1840.0,1830.0,10.0,1930.0,1830.0,100.0
2026-09-03 10:30:00,3MW3SEP2026.csv,1750.0,1750.0,0.0,1940.0,1750.0,190.0
2026-09-03 10:45:00,3MW3SEP2026.csv,1680.0,1680.0,0.0,1910.0,1680.0,230.0
2026-09-03 11:00:00,3MW3SEP2026.csv,1900.0,1900.0,0.0,2009.9999999999998,1900.0,110.0
2026-09-03 11:15:00,3MW3SEP2026.csv,1680.0,1680.0,0.0,1880.0,1680.0,200.0
2026-09-03 11:30:00,3MW3SEP2026.csv,1480.0,1480.0,0.0,1940.0,1480.0,460.0
2026-09-03 11:45:00,3MW3SEP2026.csv,1270.0,1220.0,50.0,1970.0,1220.0,760.0
2026-09-03 12:00:00,3MW3SEP2026.csv,1790.0,1790.0,0.0,1980.0,1790.0,190.0
2026-09-03 12:15:00,3MW3SEP2026.csv,1660.0,1640.0,20.0,2029.9999999999998,1640.0,380.0
2026-09-03 12:30:00,3MW3SEP2026.csv,1450.0,1430.0,20.0,2009.9999999999998,1430.0,570.0
2026-09-03 12:45:00,3MW3SEP2026.csv,880.0,880.0,0.0,1790.0,880.0,900.0
2026-09-03 13:00:00,3MW3SEP2026.csv,790.0,790.0,0.0,1810.0,790.0,1020.0
2026-09-03 13:15:00,3MW3SEP2026.csv,610.0,610.0,0.0,1840.0,610.0,1230.0
2026-09-03 13:30:00,3MW3SEP2026.csv,370.0,370.0,0.0,1860.0,370.0,1490.0
2026-09-03 13:45:00,3MW3SEP2026.csv,1260.0,1260.0,0.0,1850.0,1260.0,590.0
2026-09-03 14:00:00,3MW3SEP2026.csv,1380.0,1380.0,0.0,1910.0,1380.0,530.0
2026-09-03 14:15:00,3MW3SEP2026.csv,740.0,740.0,0.0,1880.0,740.0,1140.0
2026-09-03 14:30:00,3MW3SEP2026.csv,790.0,790.0,0.0,1890.0,790.0,1100.0
2026-09-03 14:45:00,3MW3SEP2026.csv,960.0,960.0,0.0,1850.0,960.0,890.0
2026-09-03 15:00:00,3MW3SEP2026.csv,900.0,900.0,0.0,1920.0,900.0,1020.0
2026-09-03 15:15:00,3MW3SEP2026.csv,730.0,730.0,0.0,1710.0,730.0,970.0
2026-09-03 15:30:00,3MW3SEP2026.csv,670.0,670.0,0.0,1820.0,670.0,1150.0
2026-09-03 15:45:00,3MW3SEP2026.csv,530.0,530.0,0.0,1840.0,530.0,1310.0
2026-09-03 16:00:00,3MW3SEP2026.csv,640.0,640.0,0.0,1830.0,640.0,1190.0
2026-09-03 16:15:00,3MW3SEP2026.csv,540.0,540.0,0.0,1870.0,540.0,1330.0
2026-09-03 16:30:00,3MW3SEP2026.csv,410.0,410.0,0.0,1860.0,410.0,1450.0
2026-09-03 16:45:00,3MW3SEP2026.csv,670.0,670.0,0.0,1850.0,670.0,1180.0
2026-09-03 17:00:00,3MW3SEP2026.csv,470.0,470.0,0.0,1740.0,470.0,1270.0
2026-09-03 17:15:00,3MW3SEP2026.csv,470.0,470.0,0.0,1770.0,470.0,1310.0
2026-09-03 17:30:00,3MW3SEP2026.csv,240.0,240.0,0.0,1720.0,240.0,1480.0
2026-09-03 17:45:00,3MW3SEP2026.csv,50.0,50.0,0.0,1780.0,50.0,1730.0
2026-09-03 18:00:00,3MW3SEP2026.csv,30.0,30.0,0.0,1780.0,30.0,1750.0
2026-09-03 18:15:00,3MW3SEP2026.csv,0.0,0.0,0.0,1780.0,0.0,1780.0
2026-09-03 18:30:00,3MW3SEP2026.csv,0.0,0.0,0.0,1800.0,0.0,1800.0
2026-09-03 18:45:00,3MW3SEP2026.csv,0.0,0.0,0.0,1660.0,0.0,1660.0
2026-09-03 19:00:00,3MW3SEP2026.csv,0.0,0.0,0.0,1120.0,0.0,1120.0
2026-09-03 19:15:00,3MW3SEP2026.csv,0.0,0.0,0.0,1110.0,0.0,1110.0
2026-09-03 19:30:00,3MW3SEP2026.csv,0.0,0.0,0.0,960.0,0.0,960.0
2026-09-03 19:45:00,3MW3SEP2026.csv,0.0,0.0,0.0,390.0,0.0,390.0
2026-09-03 20:00:00,3MW3SEP2026.csv,0.0,0.0,0.0,320.0,0.0,320.0
2026-09-03 20:15:00,3MW3SEP2026.csv,0.0,0.0,0.0,220.0,0.0,220.0
2026-09-03 20:30:00,3MW3SEP2026.csv,0.0,0.0,0.0,200.0,0.0,200.0
2026-09-03 20:45:00,3MW3SEP2026.csv,0.0,0.0,0.0,200.0,0.0,200.0
2026-09-03 21:00:00,3MW3SEP2026.csv,0.0,0.0,0.0,190.0,0.0,190.0
2026-09-03 21:15:00,3MW3SEP2026.csv,0.0,0.0,0.0,190.0,0.0,190.0
2026-09-03 21:30:00,3MW3SEP2026.csv,0.0,0.0,0.0,190.0,0.0,190.0
2026-09-03 21:45:00,3MW3SEP2026.csv,0.0,0.0,0.0,190.0,0.0,190.0
2026-09-03 22:00:00,3MW3SEP2026.csv,0.0,0.0,0.0,200.0,0.0,200.0
2026-09-03 22:15:00,3MW3SEP2026.csv,0.0,0.0,0.0,230.0,0.0,230.0
2026-09-03 22:30:00,3MW3SEP2026.csv,0.0,0.0,0.0,220.0,0.0,220.0
2026-09-03 22:45:00,3MW3SEP2026.csv,0.0,0.0,0.0,210.0,0.0,210.0
2026-09-03 23:00:00,3MW3SEP2026.csv,0.0,0.0,0.0,220.0,0.0,220.0
2026-09-03 23:15:00,3MW3SEP2026.csv,0.0,0.0,0.0,240.0,0.0,240.0
2026-09-03 23:30:00,3MW3SEP2026.csv,0.0,0.0,0.0,230.0,0.0,230.0
2026-09-03 23:45:00,3MW3SEP2026.csv,0.0,0.0,0.0,220.0,0.0,220.0
2026-09-04 00:00:00,3MW4SEP2026.csv,0.0,0.0,0.0,220.0,0.0,220.0
2026-09-04 00:15:00,3MW4SEP2026.csv,0.0,0.0,0.0,230.0,0.0,230.0
2026-09-04 00:30:00,3MW4SEP2026.csv,0.0,0.0,0.0,230.0,0.0,230.0
2026-09-04 00:45:00,3MW4SEP2026.csv,0.0,0.0,0.0,210.0,0.0,210.0
2026-09-04 01:00:00,3MW4SEP2026.csv,0.0,0.0,0.0,230.0,0.0,230.0
2026-09-04 01:15:00,3MW4SEP2026.csv,0.0,0.0,0.0,230.0,0.0,230.0
2026-09-04 01:30:00,3MW4SEP2026.csv,0.0,0.0,0.0,230.0,0.0,230.0
2026-09-04 01:45:00,3MW4SEP2026.csv,0.0,0.0,0.0,220.0,0.0,220.0
2026-09-04 02:00:00,3MW4SEP2026.csv,0.0,0.0,0.0,210.0,0.0,210.0
2026-09-04 02:15:00,3MW4SEP2026.csv,0.0,0.0,0.0,210.0,0.0,210.0
2026-09-04 02:30:00,3MW4SEP2026.csv,0.0,0.0,0.0,230.0,0.0,230.0
2026-09-04 02:45:00,3MW4SEP2026.csv,0.0,0.0,0.0,230.0,0.0,230.0
2026-09-04 03:00:00,3MW4SEP2026.csv,0.0,0.0,0.0,230.0,0.0,230.0
2026-09-04 03:15:00,3MW4SEP2026.csv,0.0,0.0,0.0,220.0,0.0,220.0
2026-09-04 03:30:00,3MW4SEP2026.csv,0.0,0.0,0.0,230.0,0.0,230.0
2026-09-04 03:45:00,3MW4SEP2026.csv,0.0,0.0,0.0,220.0,0.0,220.0
2026-09-04 04:00:00,3MW4SEP2026.csv,0.0,0.0,0.0,230.0,0.0,230.0
2026-09-04 04:15:00,3MW4SEP2026.csv,0.0,0.0,0.0,230.0,0.0,230.0
2026-09-04 04:30:00,3MW4SEP2026.csv,0.0,0.0,0.0,220.0,0.0,220.0
2026-09-04 04:45:00,3MW4SEP2026.csv,0.0,0.0,0.0,220.0,0.0,220.0
2026-09-04 05:00:00,3MW4SEP2026.csv,0.0,0.0,0.0,220.0,0.0,220.0
2026-09-04 05:15:00,3MW4SEP2026.csv,0.0,0.0,0.0,210.0,0.0,210.0
2026-09-04 05:30:00,3MW4SEP2026.csv,0.0,0.0,0.0,220.0,0.0,220.0
2026-09-04 05:45:00,3MW4SEP2026.csv,0.0,0.0,0.0,220.0,0.0,220.0
2026-09-04 06:00:00,3MW4SEP2026.csv,0.0,0.0,0.0,230.0,0.0,230.0
2026-09-04 06:15:00,3MW4SEP2026.csv,10.0,10.0,0.0,220.0,10.0,210.0
2026-09-04 06:30:00,3MW4SEP2026.csv,50.0,50.0,0.0,230.0,50.0,180.0
2026-09-04 06:45:00,3MW4SEP2026.csv,90.0,90.0,0.0,230.0,90.0,140.0
2026-09-04 07:00:00,3MW4SEP2026.csv,140.0,140.0,0.0,240.0,140.0,100.0
2026-09-04 07:15:00,3MW4SEP2026.csv,190.0,190.0,0.0,230.0,190.0,40.0
2026-09-04 07:30:00,3MW4SEP2026.csv,210.0,200.0,10.0,250.0,200.0,50.0
2026-09-04 07:45:00,3MW4SEP2026.csv,250.0,240.0,10.0,240.0,240.0,0.0
2026-09-04 08:00:00,3MW4SEP2026.csv,230.0,230.0,0.0,240.0,230.0,10.0
2026-09-04 08:15:00,3MW4SEP2026.csv,230.0,230.0,10.0,230.0,230.0,0.0
2026-09-04 08:30:00,3MW4SEP2026.csv,240.0,240.0,0.0,240.0,240.0,10.0
2026-09-04 08:45:00,3MW4SEP2026.csv,240.0,220.0,20.0,220.0,220.0,0.0
2026-09-04 09:00:00,3MW4SEP2026.csv,240.0,240.0,0.0,250.0,240.0,10.0
2026-09-04 09:15:00,3MW4SEP2026.csv,240.0,240.0,0.0,250.0,240.0,10.0
2026-09-04 09:30:00,3MW4SEP2026.csv,240.0,240.0,0.0,250.0,240.0,20.0
2026-09-04 09:45:00,3MW4SEP2026.csv,240.0,240.0,0.0,260.0,240.0,30.0
2026-09-04 10:00:00,3MW4SEP2026.csv,240.0,240.0,0.0,270.0,240.0,30.0
2026-09-04 10:15:00,3MW4SEP2026.csv,240.0,240.0,0.0,280.0,240.0,40.0
2026-09-04 10:30:00,3MW4SEP2026.csv,240.0,240.0,0.0,280.0,240.0,40.0
2026-09-04 10:45:00,3MW4SEP2026.csv,240.0,240.0,0.0,250.0,240.0,20.0
2026-09-04 11:00:00,3MW4SEP2026.csv,240.0,230.0,10.0,230.0,230.0,0.0
2026-09-04 11:15:00,3MW4SEP2026.csv,240.0,230.0,10.0,230.0,230.0,0.0
2026-09-04 11:30:00,3MW4SEP2026.csv,240.0,220.0,20.0,220.0,220.0,0.0
2026-09-04 11:45:00,3MW4SEP2026.csv,240.0,220.0,10.0,230.0,220.0,0.0
2026-09-04 12:00:00,3MW4SEP2026.csv,240.0,230.0,10.0,230.0,230.0,10.0
2026-09-04 12:15:00,3MW4SEP2026.csv,240.0,230.0,10.0,230.0,230.0,0.0
2026-09-04 12:30:00,3MW4SEP2026.csv,240.0,230.0,10.0,230.0,230.0,0.0
2026-09-04 12:45:00,3MW4SEP2026.csv,240.0,210.0,30.0,210.0,210.0,0.0
2026-09-04 13:00:00,3MW4SEP2026.csv,240.0,230.0,10.0,250.0,230.0,20.0
2026-09-04 13:15:00,3MW4SEP2026.csv,240.0,240.0,0.0,260.0,240.0,30.0
2026-09-04 13:30:00,3MW4SEP2026.csv,240.0,240.0,0.0,270.0,240.0,30.0
2026-09-04 13:45:00,3MW4SEP2026.csv,240.0,240.0,0.0,260.0,240.0,30.0
2026-09-04 14:00:00,3MW4SEP2026.csv,240.0,240.0,0.0,250.0,240.0,10.0
2026-09-04 14:15:00,3MW4SEP2026.csv,240.0,230.0,10.0,250.0,230.0,10.0
2026-09-04 14:30:00,3MW4SEP2026.csv,240.0,220.0,10.0,230.0,220.0,0.0
2026-09-04 14:45:00,3MW4SEP2026.csv,180.0,170.0,10.0,210.0,170.0,30.0
2026-09-04 15:00:00,3MW4SEP2026.csv,40.0,40.0,0.0,190.0,40.0,150.0
2026-09-04 15:15:00,3MW4SEP2026.csv,70.0,70.0,0.0,180.0,70.0,110.0
2026-09-04 15:30:00,3MW4SEP2026.csv,80.0,80.0,0.0,180.0,80.0,100.0
2026-09-04 15:45:00,3MW4SEP2026.csv,110.0,110.0,0.0,200.0,110.0,80.0
2026-09-04 16:00:00,3MW4SEP2026.csv,110.0,110.0,0.0,180.0,110.0,80.0
2026-09-04 16:15:00,3MW4SEP2026.csv,90.0,90.0,0.0,200.0,90.0,110.0
2026-09-04 16:30:00,3MW4SEP2026.csv,110.0,110.0,0.0,180.0,110.0,70.0
2026-09-04 16:45:00,3MW4SEP2026.csv,90.0,90.0,0.0,220.0,90.0,130.0
2026-09-04 17:00:00,3MW4SEP2026.csv,80.0,80.0,0.0,180.0,80.0,90.0
2026-09-04 17:15:00,3MW4SEP2026.csv,80.0,80.0,0.0,190.0,80.0,110.0
2026-09-04 17:30:00,3MW4SEP2026.csv,60.0,60.0,0.0,180.0,60.0,120.0
2026-09-04 17:45:00,3MW4SEP2026.csv,30.0,30.0,0.0,190.0,30.0,160.0
2026-09-04 18:00:00,3MW4SEP2026.csv,10.0,10.0,0.0,180.0,10.0,180.0
2026-09-04 18:15:00,3MW4SEP2026.csv,0.0,0.0,0.0,190.0,0.0,190.0
2026-09-04 18:30:00,3MW4SEP2026.csv,0.0,0.0,0.0,200.0,0.0,200.0
2026-09-04 18:45:00,3MW4SEP2026.csv,0.0,0.0,0.0,180.0,0.0,180.0
2026-09-04 19:00:00,3MW4SEP2026.csv,0.0,0.0,0.0,190.0,0.0,190.0
2026-09-04 19:15:00,3MW4SEP2026.csv,0.0,0.0,0.0,180.0,0.0,180.0
2026-09-04 19:30:00,3MW4SEP2026.csv,0.0,0.0,0.0,580.0,0.0,580.0
2026-09-04 19:45:00,3MW4SEP2026.csv,0.0,0.0,0.0,1760.0,0.0,1760.0
2026-09-04 20:00:00,3MW4SEP2026.csv,0.0,0.0,0.0,1820.0,0.0,1820.0
2026-09-04 20:15:00,3MW4SEP2026.csv,0.0,0.0,0.0,1850.0,0.0,1850.0
2026-09-04 20:30:00,3MW4SEP2026.csv,0.0,0.0,0.0,1810.0,0.0,1810.0
2026-09-04 20:45:00,3MW4SEP2026.csv,0.0,0.0,0.0,1760.0,0.0,1760.0
2026-09-04 21:00:00,3MW4SEP2026.csv,0.0,0.0,0.0,1670.0,0.0,1670.0
2026-09-04 21:15:00,3MW4SEP2026.csv,0.0,0.0,0.0,1690.0,0.0,1690.0
2026-09-04 21:30:00,3MW4SEP2026.csv,0.0,0.0,0.0,1420.0,0.0,1420.0
2026-09-04 21:45:00,3MW4SEP2026.csv,0.0,0.0,0.0,1690.0,0.0,1690.0
2026-09-04 22:00:00,3MW4SEP2026.csv,0.0,0.0,0.0,1700.0,0.0,1700.0
2026-09-04 22:15:00,3MW4SEP2026.csv,0.0,0.0,0.0,1870.0,0.0,1870.0
2026-09-04 22:30:00,3MW4SEP2026.csv,0.0,0.0,0.0,1810.0,0.0,1810.0
2026-09-04 22:45:00,3MW4SEP2026.csv,0.0,0.0,0.0,1750.0,0.0,1750.0
2026-09-04 23:00:00,3MW4SEP2026.csv,0.0,0.0,0.0,1750.0,0.0,1750.0
2026-09-04 23:15:00,3MW4SEP2026.csv,0.0,0.0,0.0,1800.0,0.0,1800.0
2026-09-04 23:30:00,3MW4SEP2026.csv,0.0,0.0,0.0,1640.0,0.0,1640.0
2026-09-04 23:45:00,3MW4SEP2026.csv,0.0,0.0,0.0,1780.0,0.0,1780.0
2026-09-05 00:00:00,3MW5SEP2026.csv,0.0,0.0,0.0,1820.0,0.0,1820.0
2026-09-05 00:15:00,3MW5SEP2026.csv,0.0,0.0,0.0,1760.0,0.0,1760.0
2026-09-05 00:30:00,3MW5SEP2026.csv,0.0,0.0,0.0,1810.0,0.0,1810.0
2026-09-05 00:45:00,3MW5SEP2026.csv,0.0,0.0,0.0,1720.0,0.0,1720.0
2026-09-05 01:00:00,3MW5SEP2026.csv,0.0,0.0,0.0,1600.0,0.0,1600.0
2026-09-05 01:15:00,3MW5SEP2026.csv,0.0,0.0,0.0,1620.0,0.0,1620.0
2026-09-05 01:30:00,3MW5SEP2026.csv,0.0,0.0,0.0,1760.0,0.0,1760.0
2026-09-05 01:45:00,3MW5SEP2026.csv,0.0,0.0,0.0,1740.0,0.0,1740.0
2026-09-05 02:00:00,3MW5SEP2026.csv,0.0,0.0,0.0,1760.0,0.0,1760.0
2026-09-05 02:15:00,3MW5SEP2026.csv,0.0,0.0,0.0,1590.0,0.0,1590.0
2026-09-05 02:30:00,3MW5SEP2026.csv,0.0,0.0,0.0,1810.0,0.0,1810.0
2026-09-05 02:45:00,3MW5SEP2026.csv,0.0,0.0,0.0,1790.0,0.0,1790.0
2026-09-05 03:00:00,3MW5SEP2026.csv,0.0,0.0,0.0,1760.0,0.0,1760.0
2026-09-05 03:15:00,3MW5SEP2026.csv,0.0,0.0,0.0,1570.0,0.0,1570.0
2026-09-05 03:30:00,3MW5SEP2026.csv,0.0,0.0,0.0,1670.0,0.0,1670.0
2026-09-05 03:45:00,3MW5SEP2026.csv,0.0,0.0,0.0,1710.0,0.0,1710.0
2026-09-05 04:00:00,3MW5SEP2026.csv,0.0,0.0,0.0,1830.0,0.0,1830.0
2026-09-05 04:15:00,3MW5SEP2026.csv,0.0,0.0,0.0,1780.0,0.0,1780.0
2026-09-05 04:30:00,3MW5SEP2026.csv,0.0,0.0,0.0,1850.0,0.0,1850.0
2026-09-05 04:45:00,3MW5SEP2026.csv,0.0,0.0,0.0,1700.0,0.0,1700.0
2026-09-05 05:00:00,3MW5SEP2026.csv,0.0,0.0,0.0,1780.0,0.0,1780.0
2026-09-05 05:15:00,3MW5SEP2026.csv,0.0,0.0,0.0,1690.0,0.0,1690.0
2026-09-05 05:30:00,3MW5SEP2026.csv,0.0,0.0,0.0,1750.0,0.0,1750.0
2026-09-05 05:45:00,3MW5SEP2026.csv,0.0,0.0,0.0,1760.0,0.0,1760.0
2026-09-05 06:00:00,3MW5SEP2026.csv,0.0,0.0,0.0,1790.0,0.0,1790.0
2026-09-05 06:15:00,3MW5SEP2026.csv,40.0,40.0,0.0,1720.0,40.0,1680.0
2026-09-05 06:30:00,3MW5SEP2026.csv,110.0,110.0,0.0,1700.0,110.0,1600.0
2026-09-05 06:45:00,3MW5SEP2026.csv,160.0,160.0,0.0,1650.0,160.0,1490.0
2026-09-05 07:00:00,3MW5SEP2026.csv,200.0,200.0,0.0,1550.0,200.0,1350.0
2026-09-05 07:15:00,3MW5SEP2026.csv,280.0,280.0,0.0,1490.0,280.0,1220.0
2026-09-05 07:30:00,3MW5SEP2026.csv,330.0,330.0,0.0,1820.0,330.0,1500.0
2026-09-05 07:45:00,3MW5SEP2026.csv,360.0,360.0,0.0,1750.0,360.0,1390.0
2026-09-05 08:00:00,3MW5SEP2026.csv,430.0,430.0,0.0,1700.0,430.0,1270.0
2026-09-05 08:15:00,3MW5SEP2026.csv,490.0,490.0,0.0,1590.0,490.0,1100.0
2026-09-05 08:30:00,3MW5SEP2026.csv,940.0,940.0,0.0,1550.0,940.0,610.0
2026-09-05 08:45:00,3MW5SEP2026.csv,760.0,760.0,0.0,1540.0,760.0,780.0
2026-09-05 09:00:00,3MW5SEP2026.csv,630.0,630.0,0.0,1670.0,630.0,1040.0
2026-09-05 09:15:00,3MW5SEP2026.csv,670.0,670.0,0.0,1680.0,670.0,1000.0
2026-09-05 09:30:00,3MW5SEP2026.csv,660.0,660.0,0.0,1640.0,660.0,980.0
2026-09-05 09:45:00,3MW5SEP2026.csv,820.0,820.0,0.0,1760.0,820.0,950.0
2026-09-05 10:00:00,3MW5SEP2026.csv,1100.0,1100.0,0.0,1870.0,1100.0,760.0
2026-09-05 10:15:00,3MW5SEP2026.csv,950.0,950.0,0.0,1820.0,950.0,870.0
2026-09-05 10:30:00,3MW5SEP2026.csv,950.0,950.0,0.0,1750.0,950.0,800.0
2026-09-05 10:45:00,3MW5SEP2026.csv,1040.0,1040.0,0.0,1670.0,1040.0,630.0
2026-09-05 11:00:00,3MW5SEP2026.csv,1240.0,1240.0,0.0,1660.0,1240.0,420.0
2026-09-05 11:15:00,3MW5SEP2026.csv,1060.0,1060.0,0.0,1720.0,1060.0,660.0
2026-09-05 11:30:00,3MW5SEP2026.csv,1170.0,1170.0,0.0,1730.0,1170.0,560.0
2026-09-05 11:45:00,3MW5SEP2026.csv,1730.0,1670.0,70.0,1780.0,1670.0,120.0
2026-09-05 12:00:00,3MW5SEP2026.csv,1490.0,1490.0,0.0,1800.0,1490.0,310.0
2026-09-05 12:15:00,3MW5SEP2026.csv,1260.0,1250.0,0.0,1680.0,1250.0,420.0
2026-09-05 12:30:00,3MW5SEP2026.csv,1210.0,1210.0,0.0,1790.0,1210.0,580.0
2026-09-05 12:45:00,3MW5SEP2026.csv,1260.0,1260.0,0.0,1790.0,1260.0,530.0
2026-09-05 13:00:00,3MW5SEP2026.csv,1690.0,1650.0,40.0,1830.0,1650.0,180.0
2026-09-05 13:15:00,3MW5SEP2026.csv,1050.0,1050.0,0.0,1910.0,1050.0,850.0
2026-09-05 13:30:00,3MW5SEP2026.csv,1720.0,1680.0,30.0,1950.0,1680.0,260.0
2026-09-05 13:45:00,3MW5SEP2026.csv,1610.0,1610.0,0.0,1880.0,1610.0,270.0
2026-09-05 14:00:00,3MW5SEP2026.csv,1100.0,1100.0,0.0,1690.0,1100.0,590.0
2026-09-05 14:15:00,3MW5SEP2026.csv,1540.0,1470.0,70.0,1720.0,1470.0,240.0
2026-09-05 14:30:00,3MW5SEP2026.csv,1320.0,1290.0,20.0,1690.0,1290.0,400.0
2026-09-05 14:45:00,3MW5SEP2026.csv,1720.0,1680.0,40.0,1800.0,1680.0,110.0
2026-09-05 15:00:00,3MW5SEP2026.csv,1250.0,1250.0,0.0,1800.0,1250.0,550.0
2026-09-05 15:15:00,3MW5SEP2026.csv,1470.0,1470.0,0.0,1970.0,1470.0,500.0
2026-09-05 15:30:00,3MW5SEP2026.csv,1410.0,1410.0,0.0,1910.0,1410.0,500.0
2026-09-05 15:45:00,3MW5SEP2026.csv,1280.0,1280.0,0.0,1820.0,1280.0,530.0
2026-09-05 16:00:00,3MW5SEP2026.csv,1200.0,1200.0,0.0,1750.0,1200.0,540.0
2026-09-05 16:15:00,3MW5SEP2026.csv,890.0,890.0,0.0,1810.0,890.0,930.0
2026-09-05 16:30:00,3MW5SEP2026.csv,580.0,580.0,0.0,1870.0,580.0,1290.0
2026-09-05 16:45:00,3MW5SEP2026.csv,580.0,580.0,0.0,1840.0,580.0,1260.0
2026-09-05 17:00:00,3MW5SEP2026.csv,730.0,730.0,0.0,1800.0,730.0,1070.0
2026-09-05 17:15:00,3MW5SEP2026.csv,520.0,520.0,0.0,1820.0,520.0,1300.0
2026-09-05 17:30:00,3MW5SEP2026.csv,330.0,330.0,0.0,1900.0,330.0,1570.0
2026-09-05 17:45:00,3MW5SEP2026.csv,160.0,160.0,0.0,1880.0,160.0,1720.0
2026-09-05 18:00:00,3MW5SEP2026.csv,40.0,40.0,0.0,1850.0,40.0,1810.0
2026-09-05 18:15:00,3MW5SEP2026.csv,0.0,0.0,0.0,1760.0,0.0,1750.0
2026-09-05 18:30:00,3MW5SEP2026.csv,0.0,0.0,0.0,1770.0,0.0,1770.0
2026-09-05 18:45:00,3MW5SEP2026.csv,0.0,0.0,0.0,1770.0,0.0,1770.0
2026-09-05 19:00:00,3MW5SEP2026.csv,0.0,0.0,0.0,1590.0,0.0,1590.0
2026-09-05 19:15:00,3MW5SEP2026.csv,0.0,0.0,0.0,1750.0,0.0,1750.0
2026-09-05 19:30:00,3MW5SEP2026.csv,0.0,0.0,0.0,1810.0,0.0,1810.0
2026-09-05 19:45:00,3MW5SEP2026.csv,0.0,0.0,0.0,1810.0,0.0,1810.0
2026-09-05 20:00:00,3MW5SEP2026.csv,0.0,0.0,0.0,1830.0,0.0,1830.0
2026-09-05 20:15:00,3MW5SEP2026.csv,0.0,0.0,0.0,1760.0,0.0,1760.0
2026-09-05 20:30:00,3MW5SEP2026.csv,0.0,0.0,0.0,1680.0,0.0,1680.0
2026-09-05 20:45:00,3MW5SEP2026.csv,0.0,0.0,0.0,1760.0,0.0,1760.0
2026-09-05 21:00:00,3MW5SEP2026.csv,0.0,0.0,0.0,1710.0,0.0,1710.0
2026-09-05 21:15:00,3MW5SEP2026.csv,0.0,0.0,0.0,1810.0,0.0,1810.0
2026-09-05 21:30:00,3MW5SEP2026.csv,0.0,0.0,0.0,1800.0,0.0,1800.0
2026-09-05 21:45:00,3MW5SEP2026.csv,0.0,0.0,0.0,1780.0,0.0,1780.0
2026-09-05 22:00:00,3MW5SEP2026.csv,0.0,0.0,0.0,1690.0,0.0,1690.0
2026-09-05 22:15:00,3MW5SEP2026.csv,0.0,0.0,0.0,1730.0,0.0,1730.0
2026-09-05 22:30:00,3MW5SEP2026.csv,0.0,0.0,0.0,1810.0,0.0,1810.0
2026-09-05 22:45:00,3MW5SEP2026.csv,0.0,0.0,0.0,1870.0,0.0,1870.0
2026-09-05 23:00:00,3MW5SEP2026.csv,0.0,0.0,0.0,1800.0,0.0,1800.0
2026-09-05 23:15:00,3MW5SEP2026.csv,0.0,0.0,0.0,1750.0,0.0,1750.0
2026-09-05 23:30:00,3MW5SEP2026.csv,0.0,0.0,0.0,1650.0,0.0,1650.0
2026-09-05 23:45:00,3MW5SEP2026.csv,0.0,0.0,0.0,1810.0,0.0,1810.0
2026-09-06 00:00:00,3MW6SEP2026.csv,0.0,0.0,0.0,1760.0,0.0,1760.0
2026-09-06 00:15:00,3MW6SEP2026.csv,0.0,0.0,0.0,1810.0,0.0,1810.0
2026-09-06 00:30:00,3MW6SEP2026.csv,0.0,0.0,0.0,1780.0,0.0,1780.0
2026-09-06 00:45:00,3MW6SEP2026.csv,0.0,0.0,0.0,1640.0,0.0,1640.0
2026-09-06 01:00:00,3MW6SEP2026.csv,0.0,0.0,0.0,1620.0,0.0,1620.0
2026-09-06 01:15:00,3MW6SEP2026.csv,0.0,0.0,0.0,1580.0,0.0,1580.0
2026-09-06 01:30:00,3MW6SEP2026.csv,0.0,0.0,0.0,1540.0,0.0,1540.0
2026-09-06 01:45:00,3MW6SEP2026.csv,0.0,0.0,0.0,1610.0,0.0,1610.0
2026-09-06 02:00:00,3MW6SEP2026.csv,0.0,0.0,0.0,1260.0,0.0,1260.0
2026-09-06 02:15:00,3MW6SEP2026.csv,0.0,0.0,0.0,1070.0,0.0,1070.0
2026-09-06 02:30:00,3MW6SEP2026.csv,0.0,0.0,0.0,1040.0,0.0,1040.0
2026-09-06 02:45:00,3MW6SEP2026.csv,0.0,0.0,0.0,1030.0,0.0,1030.0
2026-09-06 03:00:00,3MW6SEP2026.csv,0.0,0.0,0.0,950.0,0.0,950.0
2026-09-06 03:15:00,3MW6SEP2026.csv,0.0,0.0,0.0,950.0,0.0,950.0
2026-09-06 03:30:00,3MW6SEP2026.csv,0.0,0.0,0.0,950.0,0.0,950.0
2026-09-06 03:45:00,3MW6SEP2026.csv,0.0,0.0,0.0,950.0,0.0,950.0
2026-09-06 04:00:00,3MW6SEP2026.csv,0.0,0.0,0.0,970.0,0.0,970.0
2026-09-06 04:15:00,3MW6SEP2026.csv,0.0,0.0,0.0,990.0,0.0,990.0
2026-09-06 04:30:00,3MW6SEP2026.csv,0.0,0.0,0.0,770.0,0.0,770.0
2026-09-06 04:45:00,3MW6SEP2026.csv,0.0,0.0,0.0,390.0,0.0,390.0
2026-09-06 05:00:00,3MW6SEP2026.csv,0.0,0.0,0.0,210.0,0.0,210.0
2026-09-06 05:15:00,3MW6SEP2026.csv,0.0,0.0,0.0,180.0,0.0,180.0
2026-09-06 05:30:00,3MW6SEP2026.csv,0.0,0.0,0.0,190.0,0.0,190.0
2026-09-06 05:45:00,3MW6SEP2026.csv,0.0,0.0,0.0,180.0,0.0,180.0
2026-09-06 06:00:00,3MW6SEP2026.csv,0.0,0.0,0.0,180.0,0.0,180.0
2026-09-06 06:15:00,3MW6SEP2026.csv,30.0,30.0,0.0,180.0,30.0,150.0
2026-09-06 06:30:00,3MW6SEP2026.csv,80.0,80.0,0.0,190.0,80.0,100.0
2026-09-06 06:45:00,3MW6SEP2026.csv,140.0,140.0,0.0,180.0,140.0,40.0
2026-09-06 07:00:00,3MW6SEP2026.csv,170.0,170.0,0.0,180.0,170.0,10.0
2026-09-06 07:15:00,3MW6SEP2026.csv,190.0,170.0,20.0,190.0,170.0,20.0
2026-09-06 07:30:00,3MW6SEP2026.csv,150.0,150.0,10.0,190.0,150.0,40.0
2026-09-06 07:45:00,3MW6SEP2026.csv,180.0,180.0,0.0,200.0,180.0,10.0
2026-09-06 08:00:00,3MW6SEP2026.csv,190.0,190.0,0.0,210.0,190.0,20.0
2026-09-06 08:15:00,3MW6SEP2026.csv,190.0,190.0,0.0,210.0,190.0,20.0
2026-09-06 08:30:00,3MW6SEP2026.csv,190.0,190.0,0.0,210.0,190.0,20.0
2026-09-06 08:45:00,3MW6SEP2026.csv,190.0,190.0,0.0,220.0,190.0,30.0
2026-09-06 09:00:00,3MW6SEP2026.csv,260.0,260.0,0.0,310.0,260.0,40.0
2026-09-06 09:15:00,3MW6SEP2026.csv,740.0,740.0,0.0,940.0,740.0,200.0
2026-09-06 09:30:00,3MW6SEP2026.csv,1450.0,1450.0,0.0,1810.0,1450.0,360.0
2026-09-06 09:45:00,3MW6SEP2026.csv,1630.0,1620.0,10.0,1890.0,1620.0,270.0
2026-09-06 10:00:00,3MW6SEP2026.csv,1690.0,1640.0,50.0,1770.0,1640.0,140.0
2026-09-06 10:15:00,3MW6SEP2026.csv,1460.0,1450.0,10.0,1800.0,1450.0,350.0
2026-09-06 10:30:00,3MW6SEP2026.csv,1410.0,1410.0,0.0,1820.0,1410.0,410.0
2026-09-06 10:45:00,3MW6SEP2026.csv,1410.0,1410.0,0.0,1730.0,1410.0,330.0
2026-09-06 11:00:00,3MW6SEP2026.csv,1690.0,1690.0,0.0,1970.0,1690.0,280.0
2026-09-06 11:15:00,3MW6SEP2026.csv,680.0,680.0,0.0,1820.0,680.0,1140.0
2026-09-06 11:30:00,3MW6SEP2026.csv,620.0,620.0,0.0,1760.0,620.0,1140.0
2026-09-06 11:45:00,3MW6SEP2026.csv,1380.0,1380.0,0.0,1860.0,1380.0,480.0
2026-09-06 12:00:00,3MW6SEP2026.csv,1620.0,1620.0,0.0,1830.0,1620.0,210.0
2026-09-06 12:15:00,3MW6SEP2026.csv,1180.0,1180.0,0.0,1920.0,1180.0,750.0
2026-09-06 12:30:00,3MW6SEP2026.csv,1840.0,1820.0,20.0,1880.0,1820.0,50.0
2026-09-06 12:45:00,3MW6SEP2026.csv,1850.0,1810.0,30.0,1820.0,1810.0,10.0
2026-09-06 13:00:00,3MW6SEP2026.csv,1770.0,1770.0,0.0,1820.0,1770.0,50.0
2026-09-06 13:15:00,3MW6SEP2026.csv,1820.0,1810.0,0.0,1860.0,1810.0,40.0
2026-09-06 13:30:00,3MW6SEP2026.csv,1810.0,1800.0,10.0,1880.0,1800.0,80.0
2026-09-06 13:45:00,3MW6SEP2026.csv,1100.0,1100.0,0.0,1770.0,1100.0,670.0
2026-09-06 14:00:00,3MW6SEP2026.csv,510.0,510.0,0.0,1800.0,510.0,1280.0
2026-09-06 14:15:00,3MW6SEP2026.csv,700.0,700.0,0.0,1820.0,700.0,1120.0
2026-09-06 14:30:00,3MW6SEP2026.csv,890.0,890.0,0.0,1760.0,890.0,870.0
2026-09-06 14:45:00,3MW6SEP2026.csv,980.0,980.0,0.0,1680.0,980.0,700.0
2026-09-06 15:00:00,3MW6SEP2026.csv,1150.0,1150.0,0.0,1820.0,1150.0,660.0
2026-09-06 15:15:00,3MW6SEP2026.csv,1320.0,1320.0,0.0,1870.0,1320.0,550.0
2026-09-06 15:30:00,3MW6SEP2026.csv,1030.0,1030.0,0.0,1820.0,1030.0,790.0
2026-09-06 15:45:00,3MW6SEP2026.csv,950.0,950.0,0.0,1850.0,950.0,900.0
2026-09-06 16:00:00,3MW6SEP2026.csv,780.0,780.0,0.0,1760.0,780.0,980.0
2026-09-06 16:15:00,3MW6SEP2026.csv,610.0,610.0,0.0,1720.0,610.0,1110.0
2026-09-06 16:30:00,3MW6SEP2026.csv,540.0,540.0,0.0,1780.0,540.0,1240.0
2026-09-06 16:45:00,3MW6SEP2026.csv,420.0,420.0,0.0,1720.0,420.0,1300.0
2026-09-06 17:00:00,3MW6SEP2026.csv,260.0,260.0,0.0,1630.0,260.0,1380.0
2026-09-06 17:15:00,3MW6SEP2026.csv,160.0,160.0,0.0,1690.0,160.0,1530.0
2026-09-06 17:30:00,3MW6SEP2026.csv,100.0,100.0,0.0,1820.0,100.0,1720.0
2026-09-06 17:45:00,3MW6SEP2026.csv,50.0,50.0,0.0,1720.0,50.0,1670.0
2026-09-06 18:00:00,3MW6SEP2026.csv,20.0,20.0,0.0,1670.0,20.0,1650.0
2026-09-06 18:15:00,3MW6SEP2026.csv,0.0,0.0,0.0,1730.0,0.0,1730.0
2026-09-06 18:30:00,3MW6SEP2026.csv,0.0,0.0,0.0,1710.0,0.0,1710.0
2026-09-06 18:45:00,3MW6SEP2026.csv,0.0,0.0,0.0,1750.0,0.0,1750.0
2026-09-06 19:00:00,3MW6SEP2026.csv,0.0,0.0,0.0,1650.0,0.0,1650.0
2026-09-06 19:15:00,3MW6SEP2026.csv,0.0,0.0,0.0,1780.0,0.0,1780.0
2026-09-06 19:30:00,3MW6SEP2026.csv,0.0,0.0,0.0,1800.0,0.0,1800.0
2026-09-06 19:45:00,3MW6SEP2026.csv,0.0,0.0,0.0,1860.0,0.0,1860.0
2026-09-06 20:00:00,3MW6SEP2026.csv,0.0,0.0,0.0,1770.0,0.0,1770.0
2026-09-06 20:15:00,3MW6SEP2026.csv,0.0,0.0,0.0,1800.0,0.0,1800.0
2026-09-06 20:30:00,3MW6SEP2026.csv,0.0,0.0,0.0,1920.0,0.0,1920.0
2026-09-06 20:45:00,3MW6SEP2026.csv,0.0,0.0,0.0,1780.0,0.0,1780.0
2026-09-06 21:00:00,3MW6SEP2026.csv,0.0,0.0,0.0,1910.0,0.0,1910.0
2026-09-06 21:15:00,3MW6SEP2026.csv,0.0,0.0,0.0,1680.0,0.0,1680.0
2026-09-06 21:30:00,3MW6SEP2026.csv,0.0,0.0,0.0,1660.0,0.0,1660.0
2026-09-06 21:45:00,3MW6SEP2026.csv,0.0,0.0,0.0,1710.0,0.0,1710.0
2026-09-06 22:00:00,3MW6SEP2026.csv,0.0,0.0,0.0,1930.0,0.0,1930.0
2026-09-06 22:15:00,3MW6SEP2026.csv,0.0,0.0,0.0,1850.0,0.0,1850.0
2026-09-06 22:30:00,3MW6SEP2026.csv,0.0,0.0,0.0,1680.0,0.0,1680.0
2026-09-06 22:45:00,3MW6SEP2026.csv,0.0,0.0,0.0,1830.0,0.0,1830.0
2026-09-06 23:00:00,3MW6SEP2026.csv,0.0,0.0,0.0,1860.0,0.0,1860.0
2026-09-06 23:15:00,3MW6SEP2026.csv,0.0,0.0,0.0,1790.0,0.0,1790.0
2026-09-06 23:30:00,3MW6SEP2026.csv,0.0,0.0,0.0,1680.0,0.0,1680.0
2026-09-06 23:45:00,3MW6SEP2026.csv,0.0,0.0,0.0,1850.0,0.0,1850.0
2026-09-07 00:00:00,3MW7SEP2026.csv,0.0,0.0,0.0,1810.0,0.0,1810.0
2026-09-07 00:15:00,3MW7SEP2026.csv,0.0,0.0,0.0,1890.0,0.0,1890.0
2026-09-07 00:30:00,3MW7SEP2026.csv,0.0,0.0,0.0,1890.0,0.0,1890.0
2026-09-07 00:45:00,3MW7SEP2026.csv,0.0,0.0,0.0,1870.0,0.0,1870.0
2026-09-07 01:00:00,3MW7SEP2026.csv,0.0,0.0,0.0,1790.0,0.0,1790.0
2026-09-07 01:15:00,3MW7SEP2026.csv,0.0,0.0,0.0,1880.0,0.0,1880.0
2026-09-07 01:30:00,3MW7SEP2026.csv,0.0,0.0,0.0,1830.0,0.0,1830.0
2026-09-07 01:45:00,3MW7SEP2026.csv,0.0,0.0,0.0,1680.0,0.0,1680.0
2026-09-07 02:00:00,3MW7SEP2026.csv,0.0,0.0,0.0,1640.0,0.0,1640.0
2026-09-07 02:15:00,3MW7SEP2026.csv,0.0,0.0,0.0,1690.0,0.0,1690.0
2026-09-07 02:30:00,3MW7SEP2026.csv,0.0,0.0,0.0,1840.0,0.0,1840.0
2026-09-07 02:45:00,3MW7SEP2026.csv,0.0,0.0,0.0,1910.0,0.0,1910.0
2026-09-07 03:00:00,3MW7SEP2026.csv,0.0,0.0,0.0,1550.0,0.0,1550.0
2026-09-07 03:15:00,3MW7SEP2026.csv,0.0,0.0,0.0,1340.0,0.0,1340.0
2026-09-07 03:30:00,3MW7SEP2026.csv,0.0,0.0,0.0,1310.0,0.0,1310.0
2026-09-07 03:45:00,3MW7SEP2026.csv,0.0,0.0,0.0,1350.0,0.0,1350.0
2026-09-07 04:00:00,3MW7SEP2026.csv,0.0,0.0,0.0,1530.0,0.0,1530.0
2026-09-07 04:15:00,3MW7SEP2026.csv,0.0,0.0,0.0,1760.0,0.0,1760.0
2026-09-07 04:30:00,3MW7SEP2026.csv,0.0,0.0,0.0,1800.0,0.0,1800.0
2026-09-07 04:45:00,3MW7SEP2026.csv,0.0,0.0,0.0,1830.0,0.0,1830.0
2026-09-07 05:00:00,3MW7SEP2026.csv,0.0,0.0,0.0,1780.0,0.0,1780.0
2026-09-07 05:15:00,3MW7SEP2026.csv,0.0,0.0,0.0,1810.0,0.0,1810.0
2026-09-07 05:30:00,3MW7SEP2026.csv,0.0,0.0,0.0,1760.0,0.0,1760.0
2026-09-07 05:45:00,3MW7SEP2026.csv,0.0,0.0,0.0,1740.0,0.0,1740.0
2026-09-07 06:00:00,3MW7SEP2026.csv,10.0,10.0,0.0,1770.0,10.0,1760.0
2026-09-07 06:15:00,3MW7SEP2026.csv,60.0,60.0,0.0,1730.0,60.0,1670.0
2026-09-07 06:30:00,3MW7SEP2026.csv,90.0,90.0,0.0,1750.0,90.0,1660.0
2026-09-07 06:45:00,3MW7SEP2026.csv,130.0,130.0,0.0,1610.0,130.0,1480.0
2026-09-07 07:00:00,3MW7SEP2026.csv,230.0,230.0,0.0,1610.0,230.0,1370.0
2026-09-07 07:15:00,3MW7SEP2026.csv,320.0,320.0,0.0,1550.0,320.0,1230.0
2026-09-07 07:30:00,3MW7SEP2026.csv,590.0,590.0,0.0,1510.0,590.0,910.0
2026-09-07 07:45:00,3MW7SEP2026.csv,500.0,500.0,0.0,1650.0,500.0,1150.0
2026-09-07 08:00:00,3MW7SEP2026.csv,720.0,720.0,0.0,1820.0,720.0,1100.0
2026-09-07 08:15:00,3MW7SEP2026.csv,940.0,940.0,0.0,1850.0,940.0,910.0
2026-09-07 08:30:00,3MW7SEP2026.csv,1100.0,1100.0,0.0,1760.0,1100.0,660.0
2026-09-07 08:45:00,3MW7SEP2026.csv,960.0,960.0,0.0,1370.0,960.0,410.0
2026-09-07 09:00:00,3MW7SEP2026.csv,870.0,870.0,0.0,1420.0,870.0,540.0
2026-09-07 09:15:00,3MW7SEP2026.csv,1020.0,1020.0,0.0,1250.0,1020.0,230.0
2026-09-07 09:30:00,3MW7SEP2026.csv,970.0,970.0,0.0,1160.0,970.0,180.0
2026-09-07 09:45:00,3MW7SEP2026.csv,940.0,940.0,0.0,1260.0,940.0,320.0
2026-09-07 10:00:00,3MW7SEP2026.csv,1100.0,1100.0,0.0,1320.0,1100.0,220.0
2026-09-07 10:15:00,3MW7SEP2026.csv,1190.0,1190.0,0.0,1360.0,1190.0,170.0
2026-09-07 10:30:00,3MW7SEP2026.csv,1330.0,1320.0,10.0,1360.0,1320.0,40.0
2026-09-07 10:45:00,3MW7SEP2026.csv,1260.0,1260.0,0.0,1450.0,1260.0,190.0
2026-09-07 11:00:00,3MW7SEP2026.csv,1100.0,1100.0,0.0,1300.0,1100.0,200.0
2026-09-07 11:15:00,3MW7SEP2026.csv,1140.0,1040.0,100.0,1200.0,1040.0,150.0
2026-09-07 11:30:00,3MW7SEP2026.csv,1360.0,1340.0,30.0,1360.0,1340.0,30.0
2026-09-07 11:45:00,3MW7SEP2026.csv,1800.0,1770.0,30.0,1820.0,1770.0,50.0
2026-09-07 12:00:00,3MW7SEP2026.csv,1730.0,1730.0,0.0,1930.0,1730.0,190.0
2026-09-07 12:15:00,3MW7SEP2026.csv,1830.0,1830.0,0.0,1920.0,1830.0,100.0
2026-09-07 12:30:00,3MW7SEP2026.csv,1770.0,1760.0,10.0,1820.0,1760.0,60.0
2026-09-07 12:45:00,3MW7SEP2026.csv,1750.0,1750.0,0.0,1870.0,1750.0,120.0
2026-09-07 13:00:00,3MW7SEP2026.csv,1800.0,1800.0,0.0,1940.0,1800.0,130.0
2026-09-07 13:15:00,3MW7SEP2026.csv,1790.0,1790.0,0.0,1940.0,1790.0,160.0
2026-09-07 13:30:00,3MW7SEP2026.csv,1420.0,1420.0,0.0,1490.0,1420.0,60.0
2026-09-07 13:45:00,3MW7SEP2026.csv,1300.0,1300.0,0.0,1380.0,1300.0,80.0
2026-09-07 14:00:00,3MW7SEP2026.csv,980.0,980.0,0.0,1500.0,980.0,520.0
2026-09-07 14:15:00,3MW7SEP2026.csv,1360.0,1360.0,0.0,1780.0,1360.0,420.0
2026-09-07 14:30:00,3MW7SEP2026.csv,1170.0,1170.0,0.0,1900.0,1170.0,730.0
2026-09-07 14:45:00,3MW7SEP2026.csv,1080.0,1080.0,0.0,1330.0,1080.0,250.0
2026-09-07 15:00:00,3MW7SEP2026.csv,1320.0,1310.0,0.0,1400.0,1310.0,80.0
2026-09-07 15:15:00,3MW7SEP2026.csv,1220.0,1220.0,0.0,1250.0,1220.0,30.0
2026-09-07 15:30:00,3MW7SEP2026.csv,1010.0,990.0,20.0,1320.0,990.0,330.0
2026-09-07 15:45:00,3MW7SEP2026.csv,1270.0,1240.0,40.0,1270.0,1240.0,30.0
2026-09-07 16:00:00,3MW7SEP2026.csv,670.0,670.0,0.0,1780.0,670.0,1110.0
2026-09-07 16:15:00,3MW7SEP2026.csv,700.0,700.0,0.0,1780.0,700.0,1080.0
2026-09-07 16:30:00,3MW7SEP2026.csv,990.0,990.0,0.0,1740.0,990.0,750.0
2026-09-07 16:45:00,3MW7SEP2026.csv,830.0,830.0,0.0,1850.0,830.0,1020.0
2026-09-07 17:00:00,3MW7SEP2026.csv,740.0,740.0,0.0,1870.0,740.0,1140.0
2026-09-07 17:15:00,3MW7SEP2026.csv,580.0,580.0,0.0,1860.0,580.0,1280.0
2026-09-07 17:30:00,3MW7SEP2026.csv,290.0,290.0,0.0,1760.0,290.0,1470.0
2026-09-07 17:45:00,3MW7SEP2026.csv,90.0,90.0,0.0,1760.0,90.0,1660.0
2026-09-07 18:00:00,3MW7SEP2026.csv,20.0,20.0,0.0,1740.0,20.0,1730.0
2026-09-07 18:15:00,3MW7SEP2026.csv,0.0,0.0,0.0,1750.0,0.0,1750.0
2026-09-07 18:30:00,3MW7SEP2026.csv,0.0,0.0,0.0,1850.0,0.0,1850.0
2026-09-07 18:45:00,3MW7SEP2026.csv,0.0,0.0,0.0,1820.0,0.0,1820.0
2026-09-07 19:00:00,3MW7SEP2026.csv,0.0,0.0,0.0,1860.0,0.0,1860.0
2026-09-07 19:15:00,3MW7SEP2026.csv,0.0,0.0,0.0,1710.0,0.0,1710.0
2026-09-07 19:30:00,3MW7SEP2026.csv,0.0,0.0,0.0,1740.0,0.0,1740.0
2026-09-07 19:45:00,3MW7SEP2026.csv,0.0,0.0,0.0,1730.0,0.0,1730.0
2026-09-07 20:00:00,3MW7SEP2026.csv,0.0,0.0,0.0,1800.0,0.0,1800.0
2026-09-07 20:15:00,3MW7SEP2026.csv,0.0,0.0,0.0,1810.0,0.0,1810.0
2026-09-07 20:30:00,3MW7SEP2026.csv,0.0,0.0,0.0,1770.0,0.0,1770.0
2026-09-07 20:45:00,3MW7SEP2026.csv,0.0,0.0,0.0,1610.0,0.0,1610.0
2026-09-07 21:00:00,3MW7SEP2026.csv,0.0,0.0,0.0,1610.0,0.0,1610.0
2026-09-07 21:15:00,3MW7SEP2026.csv,0.0,0.0,0.0,1800.0,0.0,1800.0
2026-09-07 21:30:00,3MW7SEP2026.csv,0.0,0.0,0.0,1860.0,0.0,1860.0
2026-09-07 21:45:00,3MW7SEP2026.csv,0.0,0.0,0.0,1840.0,0.0,1840.0
2026-09-07 22:00:00,3MW7SEP2026.csv,0.0,0.0,0.0,1760.0,0.0,1760.0
2026-09-07 22:15:00,3MW7SEP2026.csv,0.0,0.0,0.0,1790.0,0.0,1790.0
2026-09-07 22:30:00,3MW7SEP2026.csv,0.0,0.0,0.0,1340.0,0.0,1340.0
2026-09-07 22:45:00,3MW7SEP2026.csv,0.0,0.0,0.0,1710.0,0.0,1710.0
2026-09-07 23:00:00,3MW7SEP2026.csv,0.0,0.0,0.0,1810.0,0.0,1810.0
2026-09-07 23:15:00,3MW7SEP2026.csv,0.0,0.0,0.0,1700.0,0.0,1700.0
2026-09-07 23:30:00,3MW7SEP2026.csv,0.0,0.0,0.0,1750.0,0.0,1750.0
2026-09-07 23:45:00,3MW7SEP2026.csv,0.0,0.0,0.0,1670.0,0.0,1670.0
2026-09-08 00:00:00,3MW8SEP2026.csv,0.0,0.0,0.0,1740.0,0.0,1740.0
2026-09-08 00:15:00,3MW8SEP2026.csv,0.0,0.0,0.0,1800.0,0.0,1800.0
2026-09-08 00:30:00,3MW8SEP2026.csv,0.0,0.0,0.0,1740.0,0.0,1740.0
2026-09-08 00:45:00,3MW8SEP2026.csv,0.0,0.0,0.0,1870.0,0.0,1870.0
2026-09-08 01:00:00,3MW8SEP2026.csv,0.0,0.0,0.0,1750.0,0.0,1750.0
2026-09-08 01:15:00,3MW8SEP2026.csv,0.0,0.0,0.0,1690.0,0.0,1690.0
2026-09-08 01:30:00,3MW8SEP2026.csv,0.0,0.0,0.0,1780.0,0.0,1780.0
2026-09-08 01:45:00,3MW8SEP2026.csv,0.0,0.0,0.0,1680.0,0.0,1680.0
2026-09-08 02:00:00,3MW8SEP2026.csv,0.0,0.0,0.0,1790.0,0.0,1790.0
2026-09-08 02:15:00,3MW8SEP2026.csv,0.0,0.0,0.0,1660.0,0.0,1660.0
2026-09-08 02:30:00,3MW8SEP2026.csv,0.0,0.0,0.0,1660.0,0.0,1660.0
2026-09-08 02:45:00,3MW8SEP2026.csv,0.0,0.0,0.0,1710.0,0.0,1710.0
2026-09-08 03:00:00,3MW8SEP2026.csv,0.0,0.0,0.0,1740.0,0.0,1740.0
2026-09-08 03:15:00,3MW8SEP2026.csv,0.0,0.0,0.0,1700.0,0.0,1700.0
2026-09-08 03:30:00,3MW8SEP2026.csv,0.0,0.0,0.0,1650.0,0.0,1650.0
2026-09-08 03:45:00,3MW8SEP2026.csv,0.0,0.0,0.0,1650.0,0.0,1650.0
2026-09-08 04:00:00,3MW8SEP2026.csv,0.0,0.0,0.0,1650.0,0.0,1650.0
2026-09-08 04:15:00,3MW8SEP2026.csv,0.0,0.0,0.0,1650.0,0.0,1650.0
2026-09-08 04:30:00,3MW8SEP2026.csv,0.0,0.0,0.0,1830.0,0.0,1830.0
2026-09-08 04:45:00,3MW8SEP2026.csv,0.0,0.0,0.0,1910.0,0.0,1910.0
2026-09-08 05:00:00,3MW8SEP2026.csv,0.0,0.0,0.0,1760.0,0.0,1760.0
2026-09-08 05:15:00,3MW8SEP2026.csv,0.0,0.0,0.0,1820.0,0.0,1820.0
2026-09-08 05:30:00,3MW8SEP2026.csv,0.0,0.0,0.0,1770.0,0.0,1770.0
2026-09-08 05:45:00,3MW8SEP2026.csv,0.0,0.0,0.0,1710.0,0.0,1710.0
2026-09-08 06:00:00,3MW8SEP2026.csv,0.0,0.0,0.0,1760.0,0.0,1760.0
2026-09-08 06:15:00,3MW8SEP2026.csv,30.0,30.0,0.0,1630.0,30.0,1600.0
2026-09-08 06:30:00,3MW8SEP2026.csv,80.0,80.0,0.0,1690.0,80.0,1600.0
2026-09-08 06:45:00,3MW8SEP2026.csv,90.0,90.0,0.0,1680.0,90.0,1600.0
2026-09-08 07:00:00,3MW8SEP2026.csv,120.0,120.0,0.0,1620.0,120.0,1500.0
2026-09-08 07:15:00,3MW8SEP2026.csv,260.0,260.0,0.0,1710.0,260.0,1450.0
2026-09-08 07:30:00,3MW8SEP2026.csv,500.0,500.0,0.0,1380.0,500.0,880.0
2026-09-08 07:45:00,3MW8SEP2026.csv,540.0,540.0,0.0,1410.0,540.0,870.0
2026-09-08 08:00:00,3MW8SEP2026.csv,640.0,640.0,0.0,1830.0,640.0,1200.0
2026-09-08 08:15:00,3MW8SEP2026.csv,590.0,590.0,0.0,1770.0,590.0,1180.0
2026-09-08 08:30:00,3MW8SEP2026.csv,970.0,970.0,0.0,1750.0,970.0,790.0
2026-09-08 08:45:00,3MW8SEP2026.csv,1140.0,1140.0,0.0,1790.0,1140.0,650.0
2026-09-08 09:00:00,3MW8SEP2026.csv,1250.0,1250.0,0.0,1730.0,1250.0,480.0
2026-09-08 09:15:00,3MW8SEP2026.csv,1440.0,1440.0,0.0,1840.0,1440.0,400.0
2026-09-08 09:30:00,3MW8SEP2026.csv,1530.0,1530.0,0.0,1730.0,1530.0,200.0
2026-09-08 09:45:00,3MW8SEP2026.csv,1460.0,1460.0,0.0,1650.0,1460.0,190.0
2026-09-08 10:00:00,3MW8SEP2026.csv,1460.0,1460.0,0.0,1710.0,1460.0,250.0
2026-09-08 10:15:00,3MW8SEP2026.csv,1330.0,1330.0,0.0,1780.0,1330.0,450.0
2026-09-08 10:30:00,3MW8SEP2026.csv,1350.0,1350.0,0.0,1790.0,1350.0,440.0
2026-09-08 10:45:00,3MW8SEP2026.csv,1300.0,1300.0,0.0,1790.0,1300.0,490.0
2026-09-08 11:00:00,3MW8SEP2026.csv,1620.0,1620.0,0.0,1860.0,1620.0,240.0
2026-09-08 11:15:00,3MW8SEP2026.csv,1800.0,1800.0,0.0,1930.0,1800.0,120.0
2026-09-08 11:30:00,3MW8SEP2026.csv,1860.0,1860.0,0.0,1960.0,1860.0,100.0
2026-09-08 11:45:00,3MW8SEP2026.csv,1830.0,1830.0,0.0,1950.0,1830.0,110.0
2026-09-08 12:00:00,3MW8SEP2026.csv,1830.0,1830.0,0.0,1900.0,1830.0,70.0
2026-09-08 12:15:00,3MW8SEP2026.csv,1690.0,1670.0,20.0,1730.0,1670.0,50.0
2026-09-08 12:30:00,3MW8SEP2026.csv,1540.0,1540.0,0.0,1660.0,1540.0,120.0
2026-09-08 12:45:00,3MW8SEP2026.csv,1870.0,1870.0,0.0,1930.0,1870.0,60.0
2026-09-08 13:00:00,3MW8SEP2026.csv,1660.0,1660.0,0.0,1760.0,1660.0,100.0
2026-09-08 13:15:00,3MW8SEP2026.csv,1760.0,1760.0,0.0,1870.0,1760.0,110.0
2026-09-08 13:30:00,3MW8SEP2026.csv,1800.0,1770.0,30.0,1810.0,1770.0,40.0
2026-09-08 13:45:00,3MW8SEP2026.csv,1730.0,1730.0,0.0,1790.0,1730.0,50.0
2026-09-08 14:00:00,3MW8SEP2026.csv,1770.0,1770.0,0.0,1830.0,1770.0,60.0
2026-09-08 14:15:00,3MW8SEP2026.csv,1590.0,1590.0,0.0,1630.0,1590.0,40.0
2026-09-08 14:30:00,3MW8SEP2026.csv,1300.0,1290.0,10.0,1300.0,1290.0,10.0
2026-09-08 14:45:00,3MW8SEP2026.csv,1280.0,1280.0,0.0,1320.0,1280.0,40.0
2026-09-08 15:00:00,3MW8SEP2026.csv,1540.0,1540.0,0.0,1850.0,1540.0,300.0
2026-09-08 15:15:00,3MW8SEP2026.csv,1410.0,1410.0,0.0,1710.0,1410.0,300.0
2026-09-08 15:30:00,3MW8SEP2026.csv,690.0,690.0,0.0,1550.0,690.0,860.0
2026-09-08 15:45:00,3MW8SEP2026.csv,1080.0,1080.0,0.0,1380.0,1080.0,300.0
2026-09-08 16:00:00,3MW8SEP2026.csv,830.0,830.0,0.0,1860.0,830.0,1030.0
2026-09-08 16:15:00,3MW8SEP2026.csv,1080.0,1080.0,0.0,1820.0,1080.0,740.0
2026-09-08 16:30:00,3MW8SEP2026.csv,980.0,980.0,0.0,1710.0,980.0,730.0
2026-09-08 16:45:00,3MW8SEP2026.csv,850.0,850.0,0.0,1780.0,850.0,930.0
2026-09-08 17:00:00,3MW8SEP2026.csv,690.0,690.0,0.0,1710.0,690.0,1010.0
2026-09-08 17:15:00,3MW8SEP2026.csv,470.0,470.0,0.0,1720.0,470.0,1250.0
2026-09-08 17:30:00,3MW8SEP2026.csv,240.0,240.0,0.0,1760.0,240.0,1520.0
2026-09-08 17:45:00,3MW8SEP2026.csv,90.0,90.0,0.0,1720.0,90.0,1620.0
2026-09-08 18:00:00,3MW8SEP2026.csv,20.0,20.0,0.0,1740.0,20.0,1720.0
2026-09-08 18:15:00,3MW8SEP2026.csv,0.0,0.0,0.0,1810.0,0.0,1810.0
2026-09-08 18:30:00,3MW8SEP2026.csv,0.0,0.0,0.0,1740.0,0.0,1740.0
2026-09-08 18:45:00,3MW8SEP2026.csv,0.0,0.0,0.0,1790.0,0.0,1790.0
2026-09-08 19:00:00,3MW8SEP2026.csv,0.0,0.0,0.0,1620.0,0.0,1620.0
2026-09-08 19:15:00,3MW8SEP2026.csv,0.0,0.0,0.0,1700.0,0.0,1700.0
2026-09-08 19:30:00,3MW8SEP2026.csv,0.0,0.0,0.0,1730.0,0.0,1730.0
2026-09-08 19:45:00,3MW8SEP2026.csv,0.0,0.0,0.0,1780.0,0.0,1780.0
2026-09-08 20:00:00,3MW8SEP2026.csv,0.0,0.0,0.0,1780.0,0.0,1780.0
2026-09-08 20:15:00,3MW8SEP2026.csv,0.0,0.0,0.0,1770.0,0.0,1770.0
2026-09-08 20:30:00,3MW8SEP2026.csv,0.0,0.0,0.0,1800.0,0.0,1800.0
2026-09-08 20:45:00,3MW8SEP2026.csv,0.0,0.0,0.0,1680.0,0.0,1680.0
2026-09-08 21:00:00,3MW8SEP2026.csv,0.0,0.0,0.0,1620.0,0.0,1620.0
2026-09-08 21:15:00,3MW8SEP2026.csv,0.0,0.0,0.0,1780.0,0.0,1780.0
2026-09-08 21:30:00,3MW8SEP2026.csv,0.0,0.0,0.0,1720.0,0.0,1720.0
2026-09-08 21:45:00,3MW8SEP2026.csv,0.0,0.0,0.0,1660.0,0.0,1660.0
2026-09-08 22:00:00,3MW8SEP2026.csv,0.0,0.0,0.0,1720.0,0.0,1720.0
2026-09-08 22:15:00,3MW8SEP2026.csv,0.0,0.0,0.0,1820.0,0.0,1820.0
2026-09-08 22:30:00,3MW8SEP2026.csv,0.0,0.0,0.0,1660.0,0.0,1660.0
2026-09-08 22:45:00,3MW8SEP2026.csv,0.0,0.0,0.0,1610.0,0.0,1610.0
2026-09-08 23:00:00,3MW8SEP2026.csv,0.0,0.0,0.0,1740.0,0.0,1740.0
2026-09-08 23:15:00,3MW8SEP2026.csv,0.0,0.0,0.0,1760.0,0.0,1760.0
2026-09-08 23:30:00,3MW8SEP2026.csv,0.0,0.0,0.0,1730.0,0.0,1730.0
2026-09-08 23:45:00,3MW8SEP2026.csv,0.0,0.0,0.0,1680.0,0.0,1680.0
2026-09-09 00:00:00,3MW9SEP2026.csv,0.0,0.0,0.0,1780.0,0.0,1780.0
2026-09-09 00:15:00,3MW9SEP2026.csv,0.0,0.0,0.0,1780.0,0.0,1780.0
2026-09-09 00:30:00,3MW9SEP2026.csv,0.0,0.0,0.0,1750.0,0.0,1750.0
2026-09-09 00:45:00,3MW9SEP2026.csv,0.0,0.0,0.0,1750.0,0.0,1750.0
2026-09-09 01:00:00,3MW9SEP2026.csv,0.0,0.0,0.0,1810.0,0.0,1810.0
2026-09-09 01:15:00,3MW9SEP2026.csv,0.0,0.0,0.0,1760.0,0.0,1760.0
2026-09-09 01:30:00,3MW9SEP2026.csv,0.0,0.0,0.0,1760.0,0.0,1760.0
2026-09-09 01:45:00,3MW9SEP2026.csv,0.0,0.0,0.0,1760.0,0.0,1760.0
2026-09-09 02:00:00,3MW9SEP2026.csv,0.0,0.0,0.0,1680.0,0.0,1680.0
2026-09-09 02:15:00,3MW9SEP2026.csv,0.0,0.0,0.0,1630.0,0.0,1630.0
2026-09-09 02:30:00,3MW9SEP2026.csv,0.0,0.0,0.0,1870.0,0.0,1870.0
2026-09-09 02:45:00,3MW9SEP2026.csv,0.0,0.0,0.0,1710.0,0.0,1710.0
2026-09-09 03:00:00,3MW9SEP2026.csv,0.0,0.0,0.0,1750.0,0.0,1750.0
2026-09-09 03:15:00,3MW9SEP2026.csv,0.0,0.0,0.0,1210.0,0.0,1210.0
2026-09-09 03:30:00,3MW9SEP2026.csv,0.0,0.0,0.0,1130.0,0.0,1130.0
2026-09-09 03:45:00,3MW9SEP2026.csv,0.0,0.0,0.0,1240.0,0.0,1240.0
2026-09-09 04:00:00,3MW9SEP2026.csv,0.0,0.0,0.0,1310.0,0.0,1310.0
2026-09-09 04:15:00,3MW9SEP2026.csv,0.0,0.0,0.0,1560.0,0.0,1560.0
2026-09-09 04:30:00,3MW9SEP2026.csv,0.0,0.0,0.0,1800.0,0.0,1800.0
2026-09-09 04:45:00,3MW9SEP2026.csv,0.0,0.0,0.0,1680.0,0.0,1680.0
2026-09-09 05:00:00,3MW9SEP2026.csv,0.0,0.0,0.0,1690.0,0.0,1690.0
2026-09-09 05:15:00,3MW9SEP2026.csv,0.0,0.0,0.0,1840.0,0.0,1840.0
2026-09-09 05:30:00,3MW9SEP2026.csv,0.0,0.0,0.0,1800.0,0.0,1800.0
2026-09-09 05:45:00,3MW9SEP2026.csv,0.0,0.0,0.0,1730.0,0.0,1730.0
2026-09-09 06:00:00,3MW9SEP2026.csv,0.0,0.0,0.0,1710.0,0.0,1710.0
2026-09-09 06:15:00,3MW9SEP2026.csv,10.0,10.0,0.0,1660.0,10.0,1650.0
2026-09-09 06:30:00,3MW9SEP2026.csv,30.0,30.0,0.0,1610.0,30.0,1580.0
2026-09-09 06:45:00,3MW9SEP2026.csv,90.0,90.0,0.0,1580.0,90.0,1480.0
2026-09-09 07:00:00,3MW9SEP2026.csv,160.0,160.0,0.0,1600.0,160.0,1440.0
2026-09-09 07:15:00,3MW9SEP2026.csv,220.0,220.0,0.0,1700.0,220.0,1480.0
2026-09-09 07:30:00,3MW9SEP2026.csv,270.0,270.0,0.0,1750.0,270.0,1480.0
2026-09-09 07:45:00,3MW9SEP2026.csv,410.0,410.0,0.0,1690.0,410.0,1280.0
2026-09-09 08:00:00,3MW9SEP2026.csv,460.0,460.0,0.0,1750.0,460.0,1300.0
2026-09-09 08:15:00,3MW9SEP2026.csv,690.0,690.0,0.0,1690.0,690.0,1000.0
2026-09-09 08:30:00,3MW9SEP2026.csv,750.0,750.0,0.0,1820.0,750.0,1080.0
2026-09-09 08:45:00,3MW9SEP2026.csv,770.0,770.0,0.0,1720.0,770.0,950.0
2026-09-09 09:00:00,3MW9SEP2026.csv,790.0,790.0,0.0,1710.0,790.0,930.0
2026-09-09 09:15:00,3MW9SEP2026.csv,830.0,830.0,0.0,1730.0,830.0,890.0
2026-09-09 09:30:00,3MW9SEP2026.csv,870.0,870.0,0.0,1830.0,870.0,960.0
2026-09-09 09:45:00,3MW9SEP2026.csv,870.0,870.0,0.0,1520.0,870.0,650.0
2026-09-09 10:00:00,3MW9SEP2026.csv,1160.0,1160.0,0.0,1360.0,1160.0,210.0
2026-09-09 10:15:00,3MW9SEP2026.csv,1180.0,1180.0,0.0,1540.0,1180.0,350.0
2026-09-09 10:30:00,3MW9SEP2026.csv,1700.0,1700.0,0.0,1830.0,1700.0,130.0
2026-09-09 10:45:00,3MW9SEP2026.csv,1690.0,1690.0,0.0,1800.0,1690.0,110.0
2026-09-09 11:00:00,3MW9SEP2026.csv,1760.0,1760.0,0.0,1820.0,1760.0,50.0
2026-09-09 11:15:00,3MW9SEP2026.csv,1750.0,1720.0,30.0,1780.0,1720.0,70.0
2026-09-09 11:30:00,3MW9SEP2026.csv,1570.0,1570.0,0.0,1750.0,1570.0,180.0
2026-09-09 11:45:00,3MW9SEP2026.csv,1750.0,1750.0,0.0,1850.0,1750.0,100.0
2026-09-09 12:00:00,3MW9SEP2026.csv,1740.0,1740.0,0.0,1790.0,1740.0,50.0
2026-09-09 12:15:00,3MW9SEP2026.csv,1750.0,1750.0,0.0,1850.0,1750.0,100.0
2026-09-09 12:30:00,3MW9SEP2026.csv,1480.0,1470.0,10.0,1550.0,1470.0,80.0
2026-09-09 12:45:00,3MW9SEP2026.csv,1400.0,1400.0,0.0,1810.0,1400.0,420.0
2026-09-09 13:00:00,3MW9SEP2026.csv,1810.0,1800.0,0.0,1840.0,1800.0,40.0
2026-09-09 13:15:00,3MW9SEP2026.csv,1740.0,1740.0,0.0,1880.0,1740.0,140.0
2026-09-09 13:30:00,3MW9SEP2026.csv,1670.0,1640.0,30.0,1840.0,1640.0,200.0
2026-09-09 13:45:00,3MW9SEP2026.csv,1290.0,1290.0,0.0,1790.0,1290.0,500.0
2026-09-09 14:00:00,3MW9SEP2026.csv,1020.0,1020.0,0.0,1690.0,1020.0,670.0
2026-09-09 14:15:00,3MW9SEP2026.csv,970.0,970.0,0.0,1700.0,970.0,730.0
2026-09-09 14:30:00,3MW9SEP2026.csv,590.0,590.0,0.0,1730.0,590.0,1130.0
2026-09-09 14:45:00,3MW9SEP2026.csv,980.0,980.0,0.0,1690.0,980.0,710.0
2026-09-09 15:00:00,3MW9SEP2026.csv,1540.0,1540.0,0.0,1750.0,1540.0,210.0
2026-09-09 15:15:00,3MW9SEP2026.csv,1650.0,1650.0,0.0,1850.0,1650.0,200.0
2026-09-09 15:30:00,3MW9SEP2026.csv,1610.0,1610.0,0.0,1860.0,1610.0,250.0
2026-09-09 15:45:00,3MW9SEP2026.csv,1240.0,1240.0,0.0,1750.0,1240.0,510.0
2026-09-09 16:00:00,3MW9SEP2026.csv,670.0,670.0,0.0,1790.0,670.0,1120.0
2026-09-09 16:15:00,3MW9SEP2026.csv,740.0,740.0,0.0,1730.0,740.0,1000.0
2026-09-09 16:30:00,3MW9SEP2026.csv,920.0,920.0,0.0,1790.0,920.0,870.0
2026-09-09 16:45:00,3MW9SEP2026.csv,670.0,670.0,0.0,1710.0,670.0,1040.0
2026-09-09 17:00:00,3MW9SEP2026.csv,310.0,310.0,0.0,1820.0,310.0,1500.0
2026-09-09 17:15:00,3MW9SEP2026.csv,300.0,300.0,0.0,1760.0,300.0,1460.0
2026-09-09 17:30:00,3MW9SEP2026.csv,180.0,180.0,0.0,1730.0,180.0,1550.0
2026-09-09 17:45:00,3MW9SEP2026.csv,80.0,80.0,0.0,1640.0,80.0,1560.0
2026-09-09 18:00:00,3MW9SEP2026.csv,20.0,20.0,0.0,1730.0,20.0,1710.0
2026-09-09 18:15:00,3MW9SEP2026.csv,0.0,0.0,0.0,1710.0,0.0,1710.0
2026-09-09 18:30:00,3MW9SEP2026.csv,0.0,0.0,0.0,1720.0,0.0,1720.0
2026-09-09 18:45:00,3MW9SEP2026.csv,0.0,0.0,0.0,1680.0,0.0,1680.0
2026-09-09 19:00:00,3MW9SEP2026.csv,0.0,0.0,0.0,1650.0,0.0,1650.0
2026-09-09 19:15:00,3MW9SEP2026.csv,0.0,0.0,0.0,1320.0,0.0,1320.0
2026-09-09 19:30:00,3MW9SEP2026.csv,0.0,0.0,0.0,1620.0,0.0,1620.0
2026-09-09 19:45:00,3MW9SEP2026.csv,0.0,0.0,0.0,1770.0,0.0,1770.0
2026-09-09 20:00:00,3MW9SEP2026.csv,0.0,0.0,0.0,1790.0,0.0,1790.0
2026-09-09 20:15:00,3MW9SEP2026.csv,0.0,0.0,0.0,1660.0,0.0,1660.0
2026-09-09 20:30:00,3MW9SEP2026.csv,0.0,0.0,0.0,1610.0,0.0,1610.0
2026-09-09 20:45:00,3MW9SEP2026.csv,0.0,0.0,0.0,1720.0,0.0,1720.0
2026-09-09 21:00:00,3MW9SEP2026.csv,0.0,0.0,0.0,1790.0,0.0,1790.0
2026-09-09 21:15:00,3MW9SEP2026.csv,0.0,0.0,0.0,1780.0,0.0,1780.0
2026-09-09 21:30:00,3MW9SEP2026.csv,0.0,0.0,0.0,1770.0,0.0,1770.0
2026-09-09 21:45:00,3MW9SEP2026.csv,0.0,0.0,0.0,1680.0,0.0,1680.0
2026-09-09 22:00:00,3MW9SEP2026.csv,0.0,0.0,0.0,1830.0,0.0,1830.0
2026-09-09 22:15:00,3MW9SEP2026.csv,0.0,0.0,0.0,1680.0,0.0,1680.0
2026-09-09 22:30:00,3MW9SEP2026.csv,0.0,0.0,0.0,1750.0,0.0,1750.0
2026-09-09 22:45:00,3MW9SEP2026.csv,0.0,0.0,0.0,1870.0,0.0,1870.0
2026-09-09 23:00:00,3MW9SEP2026.csv,0.0,0.0,0.0,1800.0,0.0,1800.0
2026-09-09 23:15:00,3MW9SEP2026.csv,0.0,0.0,0.0,1770.0,0.0,1770.0
2026-09-09 23:30:00,3MW9SEP2026.csv,0.0,0.0,0.0,1850.0,0.0,1850.0
2026-09-09 23:45:00,3MW9SEP2026.csv,0.0,0.0,0.0,1760.0,0.0,1760.0
2026-09-10 00:00:00,3MW10SEP2026.csv,0.0,0.0,0.0,1890.0,0.0,1890.0
2026-09-10 00:15:00,3MW10SEP2026.csv,0.0,0.0,0.0,1830.0,0.0,1830.0
2026-09-10 00:30:00,3MW10SEP2026.csv,0.0,0.0,0.0,1930.0,0.0,1930.0
2026-09-10 00:45:00,3MW10SEP2026.csv,0.0,0.0,0.0,2070.0,0.0,2070.0
2026-09-10 01:00:00,3MW10SEP2026.csv,0.0,0.0,0.0,2400.0,0.0,2400.0
2026-09-10 01:15:00,3MW10SEP2026.csv,0.0,0.0,0.0,2440.0,0.0,2440.0
2026-09-10 01:30:00,3MW10SEP2026.csv,0.0,0.0,0.0,2440.0,0.0,2440.0
2026-09-10 01:45:00,3MW10SEP2026.csv,0.0,0.0,0.0,2430.0,0.0,2430.0
2026-09-10 02:00:00,3MW10SEP2026.csv,0.0,0.0,0.0,2550.0,0.0,2550.0
2026-09-10 02:15:00,3MW10SEP2026.csv,0.0,0.0,0.0,2410.0,0.0,2410.0
2026-09-10 02:30:00,3MW10SEP2026.csv,0.0,0.0,0.0,2470.0,0.0,2470.0
2026-09-10 02:45:00,3MW10SEP2026.csv,0.0,0.0,0.0,2550.0,0.0,2550.0
2026-09-10 03:00:00,3MW10SEP2026.csv,0.0,0.0,0.0,2230.0,0.0,2230.0
2026-09-10 03:15:00,3MW10SEP2026.csv,0.0,0.0,0.0,2340.0,0.0,2340.0
2026-09-10 03:30:00,3MW10SEP2026.csv,0.0,0.0,0.0,2390.0,0.0,2390.0
2026-09-10 03:45:00,3MW10SEP2026.csv,0.0,0.0,0.0,2370.0,0.0,2370.0
2026-09-10 04:00:00,3MW10SEP2026.csv,0.0,0.0,0.0,2390.0,0.0,2390.0
2026-09-10 04:15:00,3MW10SEP2026.csv,0.0,0.0,0.0,2490.0,0.0,2490.0
2026-09-10 04:30:00,3MW10SEP2026.csv,0.0,0.0,0.0,2560.0,0.0,2560.0
2026-09-10 04:45:00,3MW10SEP2026.csv,0.0,0.0,0.0,2570.0,0.0,2570.0
2026-09-10 05:00:00,3MW10SEP2026.csv,0.0,0.0,0.0,2460.0,0.0,2460.0
2026-09-10 05:15:00,3MW10SEP2026.csv,0.0,0.0,0.0,2570.0,0.0,2570.0
2026-09-10 05:30:00,3MW10SEP2026.csv,0.0,0.0,0.0,2520.0,0.0,2520.0
2026-09-10 05:45:00,3MW10SEP2026.csv,0.0,0.0,0.0,2120.0,0.0,2120.0
2026-09-10 06:00:00,3MW10SEP2026.csv,0.0,0.0,0.0,2480.0,0.0,2480.0
2026-09-10 06:15:00,3MW10SEP2026.csv,0.0,0.0,0.0,2440.0,0.0,2440.0
2026-09-10 06:30:00,3MW10SEP2026.csv,30.0,30.0,0.0,2220.0,30.0,2190.0
2026-09-10 06:45:00,3MW10SEP2026.csv,80.0,80.0,0.0,2420.0,80.0,2340.0
2026-09-10 07:00:00,3MW10SEP2026.csv,90.0,90.0,0.0,2440.0,90.0,2350.0
2026-09-10 07:15:00,3MW10SEP2026.csv,110.0,110.0,0.0,2290.0,110.0,2180.0
2026-09-10 07:30:00,3MW10SEP2026.csv,60.0,60.0,0.0,2300.0,60.0,2230.0
2026-09-10 07:45:00,3MW10SEP2026.csv,110.0,110.0,0.0,2350.0,110.0,2240.0
2026-09-10 08:00:00,3MW10SEP2026.csv,380.0,380.0,0.0,2220.0,380.0,1840.0
2026-09-10 08:15:00,3MW10SEP2026.csv,470.0,470.0,0.0,2230.0,470.0,1750.0
2026-09-10 08:30:00,3MW10SEP2026.csv,510.0,510.0,0.0,1930.0,510.0,1420.0
2026-09-10 08:45:00,3MW10SEP2026.csv,540.0,540.0,0.0,1940.0,540.0,1400.0
2026-09-10 09:00:00,3MW10SEP2026.csv,810.0,810.0,0.0,2370.0,810.0,1560.0
2026-09-10 09:15:00,3MW10SEP2026.csv,1300.0,1300.0,0.0,2650.0,1300.0,1350.0
2026-09-10 09:30:00,3MW10SEP2026.csv,950.0,950.0,0.0,2360.0,950.0,1410.0
2026-09-10 09:45:00,3MW10SEP2026.csv,1040.0,1040.0,0.0,2560.0,1040.0,1510.0
2026-09-10 10:00:00,3MW10SEP2026.csv,1020.0,1020.0,0.0,2400.0,1020.0,1380.0
2026-09-10 10:15:00,3MW10SEP2026.csv,820.0,820.0,0.0,1850.0,820.0,1030.0
2026-09-10 10:30:00,3MW10SEP2026.csv,1120.0,1120.0,0.0,1980.0,1120.0,850.0
2026-09-10 10:45:00,3MW10SEP2026.csv,1390.0,1390.0,0.0,2360.0,1390.0,970.0
2026-09-10 11:00:00,3MW10SEP2026.csv,440.0,440.0,0.0,2380.0,440.0,1940.0
2026-09-10 11:15:00,3MW10SEP2026.csv,250.0,250.0,0.0,750.0,250.0,490.0
2026-09-10 11:30:00,3MW10SEP2026.csv,350.0,350.0,0.0,1930.0,350.0,1590.0
2026-09-10 11:45:00,3MW10SEP2026.csv,590.0,590.0,0.0,2520.0,590.0,1930.0
2026-09-10 12:00:00,3MW10SEP2026.csv,600.0,600.0,0.0,2360.0,600.0,1760.0
2026-09-10 12:15:00,3MW10SEP2026.csv,470.0,470.0,0.0,2370.0,470.0,1900.0
2026-09-10 12:30:00,3MW10SEP2026.csv,520.0,520.0,0.0,2330.0,520.0,1800.0
2026-09-10 12:45:00,3MW10SEP2026.csv,290.0,290.0,0.0,2300.0,290.0,2009.9999999999998
2026-09-10 13:00:00,3MW10SEP2026.csv,140.0,140.0,0.0,2330.0,140.0,2190.0
2026-09-10 13:15:00,3MW10SEP2026.csv,110.0,110.0,0.0,2090.0,110.0,1990.0
2026-09-10 13:30:00,3MW10SEP2026.csv,160.0,160.0,0.0,2100.0,160.0,1930.0
2026-09-10 13:45:00,3MW10SEP2026.csv,260.0,260.0,0.0,2080.0,260.0,1820.0
2026-09-10 14:00:00,3MW10SEP2026.csv,410.0,410.0,0.0,2480.0,410.0,2070.0
2026-09-10 14:15:00,3MW10SEP2026.csv,470.0,470.0,0.0,2510.0,470.0,2050.0
2026-09-10 14:30:00,3MW10SEP2026.csv,1110.0,1110.0,0.0,2290.0,1110.0,1180.0
2026-09-10 14:45:00,3MW10SEP2026.csv,960.0,960.0,0.0,2390.0,960.0,1430.0
2026-09-10 15:00:00,3MW10SEP2026.csv,570.0,570.0,0.0,2410.0,570.0,1840.0
2026-09-10 15:15:00,3MW10SEP2026.csv,500.0,500.0,0.0,2640.0,500.0,2140.0
2026-09-10 15:30:00,3MW10SEP2026.csv,580.0,580.0,0.0,2370.0,580.0,1790.0
2026-09-10 15:45:00,3MW10SEP2026.csv,570.0,570.0,0.0,2130.0,570.0,1550.0
2026-09-10 16:00:00,3MW10SEP2026.csv,520.0,520.0,0.0,2430.0,520.0,1910.0
2026-09-10 16:15:00,3MW10SEP2026.csv,430.0,430.0,0.0,2470.0,430.0,2040.0
2026-09-10 16:30:00,3MW10SEP2026.csv,320.0,320.0,0.0,2180.0,320.0,1860.0
2026-09-10 16:45:00,3MW10SEP2026.csv,290.0,290.0,0.0,2140.0,290.0,1850.0
2026-09-10 17:00:00,3MW10SEP2026.csv,260.0,260.0,0.0,2330.0,260.0,2070.0
2026-09-10 17:15:00,3MW10SEP2026.csv,200.0,200.0,0.0,2320.0,200.0,2120.0
2026-09-10 17:30:00,3MW10SEP2026.csv,160.0,160.0,0.0,2160.0,160.0,2000.0
2026-09-10 17:45:00,3MW10SEP2026.csv,100.0,100.0,0.0,2070.0,100.0,1970.0
2026-09-10 18:00:00,3MW10SEP2026.csv,20.0,20.0,0.0,2020.0,20.0,2000.0
2026-09-10 18:15:00,3MW10SEP2026.csv,0.0,0.0,0.0,2040.0,0.0,2040.0
2026-09-10 18:30:00,3MW10SEP2026.csv,0.0,0.0,0.0,2120.0,0.0,2120.0
2026-09-10 18:45:00,3MW10SEP2026.csv,0.0,0.0,0.0,2260.0,0.0,2260.0
2026-09-10 19:00:00,3MW10SEP2026.csv,0.0,0.0,0.0,1590.0,0.0,1590.0
2026-09-10 19:15:00,3MW10SEP2026.csv,0.0,0.0,0.0,1600.0,0.0,1600.0
2026-09-10 19:30:00,3MW10SEP2026.csv,0.0,0.0,0.0,900.0,0.0,900.0
2026-09-10 19:45:00,3MW10SEP2026.csv,0.0,0.0,0.0,240.0,0.0,240.0
2026-09-10 20:00:00,3MW10SEP2026.csv,0.0,0.0,0.0,250.0,0.0,250.0
2026-09-10 20:15:00,3MW10SEP2026.csv,0.0,0.0,0.0,230.0,0.0,230.0
2026-09-10 20:30:00,3MW10SEP2026.csv,0.0,0.0,0.0,230.0,0.0,230.0
2026-09-10 20:45:00,3MW10SEP2026.csv,0.0,0.0,0.0,230.0,0.0,230.0
2026-09-10 21:00:00,3MW10SEP2026.csv,0.0,0.0,0.0,220.0,0.0,220.0
2026-09-10 21:15:00,3MW10SEP2026.csv,0.0,0.0,0.0,210.0,0.0,210.0
2026-09-10 21:30:00,3MW10SEP2026.csv,0.0,0.0,0.0,210.0,0.0,210.0
2026-09-10 21:45:00,3MW10SEP2026.csv,0.0,0.0,0.0,190.0,0.0,190.0
2026-09-10 22:00:00,3MW10SEP2026.csv,0.0,0.0,0.0,200.0,0.0,200.0
2026-09-10 22:15:00,3MW10SEP2026.csv,0.0,0.0,0.0,210.0,0.0,210.0
2026-09-10 22:30:00,3MW10SEP2026.csv,0.0,0.0,0.0,210.0,0.0,210.0
2026-09-10 22:45:00,3MW10SEP2026.csv,0.0,0.0,0.0,210.0,0.0,210.0
2026-09-10 23:00:00,3MW10SEP2026.csv,0.0,0.0,0.0,200.0,0.0,200.0
2026-09-10 23:15:00,3MW10SEP2026.csv,0.0,0.0,0.0,200.0,0.0,200.0
2026-09-10 23:30:00,3MW10SEP2026.csv,0.0,0.0,0.0,200.0,0.0,200.0
2026-09-10 23:45:00,3MW10SEP2026.csv,0.0,0.0,0.0,200.0,0.0,200.0
2026-09-11 00:00:00,3MW11SEP2026.csv,0.0,0.0,0.0,210.0,0.0,210.0
2026-09-11 00:15:00,3MW11SEP2026.csv,0.0,0.0,0.0,200.0,0.0,200.0
2026-09-11 00:30:00,3MW11SEP2026.csv,0.0,0.0,0.0,200.0,0.0,200.0
2026-09-11 00:45:00,3MW11SEP2026.csv,0.0,0.0,0.0,200.0,0.0,200.0
2026-09-11 01:00:00,3MW11SEP2026.csv,0.0,0.0,0.0,200.0,0.0,200.0
2026-09-11 01:15:00,3MW11SEP2026.csv,0.0,0.0,0.0,190.0,0.0,190.0
2026-09-11 01:30:00,3MW11SEP2026.csv,0.0,0.0,0.0,200.0,0.0,200.0
2026-09-11 01:45:00,3MW11SEP2026.csv,0.0,0.0,0.0,200.0,0.0,200.0
2026-09-11 02:00:00,3MW11SEP2026.csv,0.0,0.0,0.0,190.0,0.0,190.0
2026-09-11 02:15:00,3MW11SEP2026.csv,0.0,0.0,0.0,210.0,0.0,210.0
2026-09-11 02:30:00,3MW11SEP2026.csv,0.0,0.0,0.0,200.0,0.0,200.0
2026-09-11 02:45:00,3MW11SEP2026.csv,0.0,0.0,0.0,200.0,0.0,200.0
2026-09-11 03:00:00,3MW11SEP2026.csv,0.0,0.0,0.0,190.0,0.0,190.0
2026-09-11 03:15:00,3MW11SEP2026.csv,0.0,0.0,0.0,190.0,0.0,190.0
2026-09-11 03:30:00,3MW11SEP2026.csv,0.0,0.0,0.0,200.0,0.0,200.0
2026-09-11 03:45:00,3MW11SEP2026.csv,0.0,0.0,0.0,190.0,0.0,190.0
2026-09-11 04:00:00,3MW11SEP2026.csv,0.0,0.0,0.0,190.0,0.0,190.0
2026-09-11 04:15:00,3MW11SEP2026.csv,0.0,0.0,0.0,190.0,0.0,190.0
2026-09-11 04:30:00,3MW11SEP2026.csv,0.0,0.0,0.0,190.0,0.0,190.0
2026-09-11 04:45:00,3MW11SEP2026.csv,0.0,0.0,0.0,200.0,0.0,200.0
2026-09-11 05:00:00,3MW11SEP2026.csv,0.0,0.0,0.0,190.0,0.0,190.0
2026-09-11 05:15:00,3MW11SEP2026.csv,0.0,0.0,0.0,190.0,0.0,190.0
2026-09-11 05:30:00,3MW11SEP2026.csv,0.0,0.0,0.0,200.0,0.0,200.0
2026-09-11 05:45:00,3MW11SEP2026.csv,0.0,0.0,0.0,200.0,0.0,200.0
2026-09-11 06:00:00,3MW11SEP2026.csv,0.0,0.0,0.0,200.0,0.0,190.0
2026-09-11 06:15:00,3MW11SEP2026.csv,40.0,40.0,0.0,210.0,40.0,170.0
2026-09-11 06:30:00,3MW11SEP2026.csv,70.0,70.0,0.0,190.0,70.0,120.0
2026-09-11 06:45:00,3MW11SEP2026.csv,130.0,130.0,0.0,210.0,130.0,80.0
2026-09-11 07:00:00,3MW11SEP2026.csv,150.0,150.0,0.0,210.0,150.0,60.0
2026-09-11 07:15:00,3MW11SEP2026.csv,170.0,160.0,10.0,200.0,160.0,50.0
2026-09-11 07:30:00,3MW11SEP2026.csv,170.0,170.0,0.0,220.0,170.0,50.0
2026-09-11 07:45:00,3MW11SEP2026.csv,170.0,170.0,0.0,220.0,170.0,60.0
2026-09-11 08:00:00,3MW11SEP2026.csv,170.0,170.0,0.0,220.0,170.0,50.0
2026-09-11 08:15:00,3MW11SEP2026.csv,170.0,170.0,0.0,230.0,170.0,60.0
2026-09-11 08:30:00,3MW11SEP2026.csv,170.0,170.0,0.0,230.0,170.0,60.0
2026-09-11 08:45:00,3MW11SEP2026.csv,260.0,260.0,0.0,260.0,260.0,0.0
2026-09-11 09:00:00,3MW11SEP2026.csv,260.0,260.0,0.0,290.0,260.0,20.0
2026-09-11 09:15:00,3MW11SEP2026.csv,260.0,260.0,0.0,290.0,260.0,20.0
2026-09-11 09:30:00,3MW11SEP2026.csv,260.0,260.0,0.0,290.0,260.0,30.0
2026-09-11 09:45:00,3MW11SEP2026.csv,260.0,260.0,0.0,290.0,260.0,30.0
2026-09-11 10:00:00,3MW11SEP2026.csv,260.0,260.0,0.0,290.0,260.0,30.0
2026-09-11 10:15:00,3MW11SEP2026.csv,260.0,260.0,0.0,270.0,260.0,10.0
2026-09-11 10:30:00,3MW11SEP2026.csv,260.0,260.0,0.0,280.0,260.0,10.0
2026-09-11 10:45:00,3MW11SEP2026.csv,260.0,250.0,10.0,250.0,250.0,0.0
2026-09-11 11:00:00,3MW11SEP2026.csv,260.0,240.0,30.0,240.0,240.0,0.0
2026-09-11 11:15:00,3MW11SEP2026.csv,240.0,230.0,10.0,240.0,230.0,10.0
2026-09-11 11:30:00,3MW11SEP2026.csv,190.0,190.0,0.0,230.0,190.0,40.0
2026-09-11 11:45:00,3MW11SEP2026.csv,190.0,190.0,0.0,230.0,190.0,40.0
2026-09-11 12:00:00,3MW11SEP2026.csv,190.0,190.0,0.0,220.0,190.0,30.0
2026-09-11 12:15:00,3MW11SEP2026.csv,190.0,190.0,0.0,220.0,190.0,30.0
2026-09-11 12:30:00,3MW11SEP2026.csv,190.0,190.0,0.0,210.0,190.0,10.0
2026-09-11 12:45:00,3MW11SEP2026.csv,190.0,190.0,0.0,220.0,190.0,20.0
2026-09-11 13:00:00,3MW11SEP2026.csv,190.0,190.0,0.0,210.0,190.0,20.0
2026-09-11 13:15:00,3MW11SEP2026.csv,190.0,190.0,0.0,220.0,190.0,30.0
2026-09-11 13:30:00,3MW11SEP2026.csv,190.0,190.0,0.0,220.0,190.0,30.0
2026-09-11 13:45:00,3MW11SEP2026.csv,190.0,190.0,0.0,220.0,190.0,30.0
2026-09-11 14:00:00,3MW11SEP2026.csv,190.0,190.0,0.0,220.0,190.0,30.0
2026-09-11 14:15:00,3MW11SEP2026.csv,190.0,190.0,0.0,210.0,190.0,20.0
2026-09-11 14:30:00,3MW11SEP2026.csv,190.0,190.0,0.0,190.0,190.0,0.0
2026-09-11 14:45:00,3MW11SEP2026.csv,190.0,190.0,0.0,210.0,190.0,20.0
2026-09-11 15:00:00,3MW11SEP2026.csv,190.0,190.0,0.0,210.0,190.0,20.0
2026-09-11 15:15:00,3MW11SEP2026.csv,190.0,190.0,0.0,210.0,190.0,20.0
2026-09-11 15:30:00,3MW11SEP2026.csv,190.0,190.0,0.0,210.0,190.0,20.0
2026-09-11 15:45:00,3MW11SEP2026.csv,190.0,190.0,0.0,230.0,190.0,40.0
2026-09-11 16:00:00,3MW11SEP2026.csv,190.0,190.0,0.0,230.0,190.0,50.0
2026-09-11 16:15:00,3MW11SEP2026.csv,190.0,190.0,0.0,220.0,190.0,30.0
2026-09-11 16:30:00,3MW11SEP2026.csv,190.0,190.0,0.0,230.0,190.0,40.0
2026-09-11 16:45:00,3MW11SEP2026.csv,180.0,180.0,0.0,210.0,180.0,20.0
2026-09-11 17:00:00,3MW11SEP2026.csv,120.0,120.0,0.0,210.0,120.0,100.0
2026-09-11 17:15:00,3MW11SEP2026.csv,100.0,100.0,0.0,200.0,100.0,100.0
2026-09-11 17:30:00,3MW11SEP2026.csv,80.0,80.0,0.0,230.0,80.0,160.0
2026-09-11 17:45:00,3MW11SEP2026.csv,30.0,30.0,0.0,250.0,30.0,220.0
2026-09-11 18:00:00,3MW11SEP2026.csv,10.0,10.0,0.0,220.0,10.0,210.0
2026-09-11 18:15:00,3MW11SEP2026.csv,0.0,0.0,0.0,220.0,0.0,220.0
2026-09-11 18:30:00,3MW11SEP2026.csv,0.0,0.0,0.0,230.0,0.0,230.0
2026-09-11 18:45:00,3MW11SEP2026.csv,0.0,0.0,0.0,220.0,0.0,220.0
2026-09-11 19:00:00,3MW11SEP2026.csv,0.0,0.0,0.0,220.0,0.0,220.0
2026-09-11 19:15:00,3MW11SEP2026.csv,0.0,0.0,0.0,230.0,0.0,230.0
2026-09-11 19:30:00,3MW11SEP2026.csv,0.0,0.0,0.0,350.0,0.0,350.0
2026-09-11 19:45:00,3MW11SEP2026.csv,0.0,0.0,0.0,1020.0,0.0,1020.0
2026-09-11 20:00:00,3MW11SEP2026.csv,0.0,0.0,0.0,1910.0,0.0,1910.0
2026-09-11 20:15:00,3MW11SEP2026.csv,0.0,0.0,0.0,1890.0,0.0,1890.0
2026-09-11 20:30:00,3MW11SEP2026.csv,0.0,0.0,0.0,2370.0,0.0,2370.0
2026-09-11 20:45:00,3MW11SEP2026.csv,0.0,0.0,0.0,2420.0,0.0,2420.0
2026-09-11 21:00:00,3MW11SEP2026.csv,0.0,0.0,0.0,2170.0,0.0,2170.0
2026-09-11 21:15:00,3MW11SEP2026.csv,0.0,0.0,0.0,2080.0,0.0,2080.0
2026-09-11 21:30:00,3MW11SEP2026.csv,0.0,0.0,0.0,2210.0,0.0,2210.0
2026-09-11 21:45:00,3MW11SEP2026.csv,0.0,0.0,0.0,2310.0,0.0,2310.0
2026-09-11 22:00:00,3MW11SEP2026.csv,0.0,0.0,0.0,2360.0,0.0,2360.0
2026-09-11 22:15:00,3MW11SEP2026.csv,0.0,0.0,0.0,2270.0,0.0,2270.0
2026-09-11 22:30:00,3MW11SEP2026.csv,0.0,0.0,0.0,2300.0,0.0,2300.0
2026-09-11 22:45:00,3MW11SEP2026.csv,0.0,0.0,0.0,2230.0,0.0,2230.0
2026-09-11 23:00:00,3MW11SEP2026.csv,0.0,0.0,0.0,2220.0,0.0,2220.0
2026-09-11 23:15:00,3MW11SEP2026.csv,0.0,0.0,0.0,2400.0,0.0,2400.0
2026-09-11 23:30:00,3MW11SEP2026.csv,0.0,0.0,0.0,2300.0,0.0,2300.0
2026-09-11 23:45:00,3MW11SEP2026.csv,0.0,0.0,0.0,2260.0,0.0,2260.0
2026-09-12 00:00:00,3MW12SEP2026.csv,0.0,0.0,0.0,2170.0,0.0,2170.0
2026-09-12 00:15:00,3MW12SEP2026.csv,0.0,0.0,0.0,2330.0,0.0,2330.0
2026-09-12 00:30:00,3MW12SEP2026.csv,0.0,0.0,0.0,2300.0,0.0,2300.0
2026-09-12 00:45:00,3MW12SEP2026.csv,0.0,0.0,0.0,2220.0,0.0,2220.0
2026-09-12 01:00:00,3MW12SEP2026.csv,0.0,0.0,0.0,2390.0,0.0,2390.0
2026-09-12 01:15:00,3MW12SEP2026.csv,0.0,0.0,0.0,2290.0,0.0,2290.0
2026-09-12 01:30:00,3MW12SEP2026.csv,0.0,0.0,0.0,2250.0,0.0,2250.0
2026-09-12 01:45:00,3MW12SEP2026.csv,0.0,0.0,0.0,2130.0,0.0,2130.0
2026-09-12 02:00:00,3MW12SEP2026.csv,0.0,0.0,0.0,2360.0,0.0,2360.0
2026-09-12 02:15:00,3MW12SEP2026.csv,0.0,0.0,0.0,2190.0,0.0,2190.0
2026-09-12 02:30:00,3MW12SEP2026.csv,0.0,0.0,0.0,2130.0,0.0,2130.0
2026-09-12 02:45:00,3MW12SEP2026.csv,0.0,0.0,0.0,2130.0,0.0,2130.0
2026-09-12 03:00:00,3MW12SEP2026.csv,0.0,0.0,0.0,2260.0,0.0,2260.0
2026-09-12 03:15:00,3MW12SEP2026.csv,0.0,0.0,0.0,2290.0,0.0,2290.0
2026-09-12 03:30:00,3MW12SEP2026.csv,0.0,0.0,0.0,2180.0,0.0,2180.0
2026-09-12 03:45:00,3MW12SEP2026.csv,0.0,0.0,0.0,2110.0,0.0,2110.0
2026-09-12 04:00:00,3MW12SEP2026.csv,0.0,0.0,0.0,2290.0,0.0,2290.0
2026-09-12 04:15:00,3MW12SEP2026.csv,0.0,0.0,0.0,2140.0,0.0,2140.0
2026-09-12 04:30:00,3MW12SEP2026.csv,0.0,0.0,0.0,2290.0,0.0,2290.0
2026-09-12 04:45:00,3MW12SEP2026.csv,0.0,0.0,0.0,2190.0,0.0,2190.0
2026-09-12 05:00:00,3MW12SEP2026.csv,0.0,0.0,0.0,2220.0,0.0,2220.0
2026-09-12 05:15:00,3MW12SEP2026.csv,0.0,0.0,0.0,2360.0,0.0,2360.0
2026-09-12 05:30:00,3MW12SEP2026.csv,0.0,0.0,0.0,2220.0,0.0,2220.0
2026-09-12 05:45:00,3MW12SEP2026.csv,0.0,0.0,0.0,2230.0,0.0,2230.0
2026-09-12 06:00:00,3MW12SEP2026.csv,0.0,0.0,0.0,1880.0,0.0,1880.0
2026-09-12 06:15:00,3MW12SEP2026.csv,30.0,30.0,0.0,1790.0,30.0,1760.0
2026-09-12 06:30:00,3MW12SEP2026.csv,70.0,70.0,0.0,2020.0,70.0,1940.0
2026-09-12 06:45:00,3MW12SEP2026.csv,70.0,70.0,0.0,1790.0,70.0,1720.0
2026-09-12 07:00:00,3MW12SEP2026.csv,180.0,180.0,0.0,1750.0,180.0,1570.0
2026-09-12 07:15:00,3MW12SEP2026.csv,170.0,170.0,0.0,1860.0,170.0,1700.0
2026-09-12 07:30:00,3MW12SEP2026.csv,280.0,280.0,0.0,1720.0,280.0,1440.0
2026-09-12 07:45:00,3MW12SEP2026.csv,580.0,580.0,0.0,1670.0,580.0,1090.0
2026-09-12 08:00:00,3MW12SEP2026.csv,730.0,730.0,0.0,1900.0,730.0,1170.0
2026-09-12 08:15:00,3MW12SEP2026.csv,880.0,880.0,0.0,1770.0,880.0,900.0
2026-09-12 08:30:00,3MW12SEP2026.csv,1010.0,1010.0,0.0,1800.0,1010.0,790.0
2026-09-12 08:45:00,3MW12SEP2026.csv,1140.0,1140.0,0.0,1820.0,1140.0,680.0
2026-09-12 09:00:00,3MW12SEP2026.csv,1250.0,1250.0,0.0,1620.0,1250.0,370.0
2026-09-12 09:15:00,3MW12SEP2026.csv,1360.0,1360.0,0.0,1910.0,1360.0,540.0
2026-09-12 09:30:00,3MW12SEP2026.csv,1490.0,1490.0,0.0,1890.0,1490.0,390.0
2026-09-12 09:45:00,3MW12SEP2026.csv,1670.0,1670.0,0.0,1800.0,1670.0,130.0
2026-09-12 10:00:00,3MW12SEP2026.csv,1380.0,1380.0,0.0,1930.0,1380.0,550.0
2026-09-12 10:15:00,3MW12SEP2026.csv,1210.0,1200.0,10.0,1740.0,1200.0,550.0
2026-09-12 10:30:00,3MW12SEP2026.csv,1580.0,1580.0,0.0,1880.0,1580.0,300.0
2026-09-12 10:45:00,3MW12SEP2026.csv,1590.0,1590.0,0.0,1890.0,1590.0,300.0
2026-09-12 11:00:00,3MW12SEP2026.csv,1780.0,1780.0,0.0,1890.0,1780.0,110.0
2026-09-12 11:15:00,3MW12SEP2026.csv,1730.0,1730.0,0.0,1870.0,1730.0,130.0
2026-09-12 11:30:00,3MW12SEP2026.csv,1430.0,1430.0,0.0,2009.9999999999998,1430.0,580.0
2026-09-12 11:45:00,3MW12SEP2026.csv,1550.0,1550.0,0.0,1610.0,1550.0,60.0
2026-09-12 12:00:00,3MW12SEP2026.csv,1510.0,1510.0,0.0,1840.0,1510.0,340.0
2026-09-12 12:15:00,3MW12SEP2026.csv,1680.0,1650.0,30.0,1870.0,1650.0,220.0
2026-09-12 12:30:00,3MW12SEP2026.csv,1690.0,1690.0,0.0,1820.0,1690.0,140.0
2026-09-12 12:45:00,3MW12SEP2026.csv,1630.0,1630.0,0.0,1920.0,1630.0,290.0
2026-09-12 13:00:00,3MW12SEP2026.csv,1710.0,1690.0,20.0,1810.0,1690.0,110.0
2026-09-12 13:15:00,3MW12SEP2026.csv,1400.0,1400.0,0.0,1940.0,1400.0,540.0
2026-09-12 13:30:00,3MW12SEP2026.csv,770.0,770.0,0.0,2000.0,770.0,1240.0
2026-09-12 13:45:00,3MW12SEP2026.csv,1360.0,1340.0,30.0,1860.0,1340.0,530.0
2026-09-12 14:00:00,3MW12SEP2026.csv,790.0,790.0,0.0,1850.0,790.0,1070.0
2026-09-12 14:15:00,3MW12SEP2026.csv,650.0,650.0,0.0,1890.0,650.0,1240.0
2026-09-12 14:30:00,3MW12SEP2026.csv,1220.0,1180.0,40.0,1850.0,1180.0,670.0
2026-09-12 14:45:00,3MW12SEP2026.csv,1040.0,1040.0,0.0,2050.0,1040.0,1010.0
2026-09-12 15:00:00,3MW12SEP2026.csv,680.0,680.0,0.0,1940.0,680.0,1260.0
2026-09-12 15:15:00,3MW12SEP2026.csv,1290.0,1290.0,0.0,1950.0,1290.0,660.0
2026-09-12 15:30:00,3MW12SEP2026.csv,1410.0,1410.0,0.0,1920.0,1410.0,510.0
2026-09-12 15:45:00,3MW12SEP2026.csv,500.0,500.0,0.0,1940.0,500.0,1430.0
2026-09-12 16:00:00,3MW12SEP2026.csv,410.0,410.0,0.0,1780.0,410.0,1370.0
2026-09-12 16:15:00,3MW12SEP2026.csv,540.0,540.0,0.0,1970.0,540.0,1430.0
2026-09-12 16:30:00,3MW12SEP2026.csv,540.0,540.0,0.0,1770.0,540.0,1230.0
2026-09-12 16:45:00,3MW12SEP2026.csv,230.0,230.0,0.0,1950.0,230.0,1720.0
2026-09-12 17:00:00,3MW12SEP2026.csv,130.0,130.0,0.0,1830.0,130.0,1700.0
2026-09-12 17:15:00,3MW12SEP2026.csv,50.0,50.0,0.0,1950.0,50.0,1900.0
2026-09-12 17:30:00,3MW12SEP2026.csv,30.0,30.0,0.0,1770.0,30.0,1740.0
2026-09-12 17:45:00,3MW12SEP2026.csv,10.0,10.0,0.0,2120.0,10.0,2100.0
2026-09-12 18:00:00,3MW12SEP2026.csv,10.0,10.0,0.0,1750.0,10.0,1740.0
2026-09-12 18:15:00,3MW12SEP2026.csv,0.0,0.0,0.0,1890.0,0.0,1890.0
2026-09-12 18:30:00,3MW12SEP2026.csv,0.0,0.0,0.0,1880.0,0.0,1880.0
2026-09-12 18:45:00,3MW12SEP2026.csv,0.0,0.0,0.0,2000.0,0.0,2000.0
2026-09-12 19:00:00,3MW12SEP2026.csv,0.0,0.0,0.0,2029.9999999999998,0.0,2029.9999999999998
2026-09-12 19:15:00,3MW12SEP2026.csv,0.0,0.0,0.0,2330.0,0.0,2330.0
2026-09-12 19:30:00,3MW12SEP2026.csv,0.0,0.0,0.0,2420.0,0.0,2420.0
2026-09-12 19:45:00,3MW12SEP2026.csv,0.0,0.0,0.0,2310.0,0.0,2310.0
2026-09-12 20:00:00,3MW12SEP2026.csv,0.0,0.0,0.0,2270.0,0.0,2270.0
2026-09-12 20:15:00,3MW12SEP2026.csv,0.0,0.0,0.0,2380.0,0.0,2380.0
2026-09-12 20:30:00,3MW12SEP2026.csv,0.0,0.0,0.0,2260.0,0.0,2260.0
2026-09-12 20:45:00,3MW12SEP2026.csv,0.0,0.0,0.0,2390.0,0.0,2390.0
2026-09-12 21:00:00,3MW12SEP2026.csv,0.0,0.0,0.0,2320.0,0.0,2320.0
2026-09-12 21:15:00,3MW12SEP2026.csv,0.0,0.0,0.0,2400.0,0.0,2400.0
2026-09-12 21:30:00,3MW12SEP2026.csv,0.0,0.0,0.0,1830.0,0.0,1830.0
2026-09-12 21:45:00,3MW12SEP2026.csv,0.0,0.0,0.0,1960.0,0.0,1960.0
2026-09-12 22:00:00,3MW12SEP2026.csv,0.0,0.0,0.0,1820.0,0.0,1820.0
2026-09-12 22:15:00,3MW12SEP2026.csv,0.0,0.0,0.0,2029.9999999999998,0.0,2029.9999999999998
2026-09-12 22:30:00,3MW12SEP2026.csv,0.0,0.0,0.0,1830.0,0.0,1830.0
2026-09-12 22:45:00,3MW12SEP2026.csv,0.0,0.0,0.0,1980.0,0.0,1980.0
2026-09-12 23:00:00,3MW12SEP2026.csv,0.0,0.0,0.0,1790.0,0.0,1790.0
2026-09-12 23:15:00,3MW12SEP2026.csv,0.0,0.0,0.0,1980.0,0.0,1980.0
2026-09-12 23:30:00,3MW12SEP2026.csv,0.0,0.0,0.0,1890.0,0.0,1890.0
2026-09-12 23:45:00,3MW12SEP2026.csv,0.0,0.0,0.0,1710.0,0.0,1710.0
2026-09-13 00:00:00,3MW13SEP2026.csv,0.0,0.0,0.0,1950.0,0.0,1950.0
2026-09-13 00:15:00,3MW13SEP2026.csv,0.0,0.0,0.0,1960.0,0.0,1960.0
2026-09-13 00:30:00,3MW13SEP2026.csv,0.0,0.0,0.0,1790.0,0.0,1790.0
2026-09-13 00:45:00,3MW13SEP2026.csv,0.0,0.0,0.0,1580.0,0.0,1580.0
2026-09-13 01:00:00,3MW13SEP2026.csv,0.0,0.0,0.0,1570.0,0.0,1570.0
2026-09-13 01:15:00,3MW13SEP2026.csv,0.0,0.0,0.0,1510.0,0.0,1510.0
2026-09-13 01:30:00,3MW13SEP2026.csv,0.0,0.0,0.0,1810.0,0.0,1810.0
2026-09-13 01:45:00,3MW13SEP2026.csv,0.0,0.0,0.0,1790.0,0.0,1790.0
2026-09-13 02:00:00,3MW13SEP2026.csv,0.0,0.0,0.0,1780.0,0.0,1780.0
2026-09-13 02:15:00,3MW13SEP2026.csv,0.0,0.0,0.0,1690.0,0.0,1690.0
2026-09-13 02:30:00,3MW13SEP2026.csv,0.0,0.0,0.0,1880.0,0.0,1880.0
2026-09-13 02:45:00,3MW13SEP2026.csv,0.0,0.0,0.0,1760.0,0.0,1760.0
2026-09-13 03:00:00,3MW13SEP2026.csv,0.0,0.0,0.0,1600.0,0.0,1600.0
2026-09-13 03:15:00,3MW13SEP2026.csv,0.0,0.0,0.0,1560.0,0.0,1560.0
2026-09-13 03:30:00,3MW13SEP2026.csv,0.0,0.0,0.0,1690.0,0.0,1690.0
2026-09-13 03:45:00,3MW13SEP2026.csv,0.0,0.0,0.0,1580.0,0.0,1580.0
2026-09-13 04:00:00,3MW13SEP2026.csv,0.0,0.0,0.0,1990.0,0.0,1990.0
2026-09-13 04:15:00,3MW13SEP2026.csv,0.0,0.0,0.0,2050.0,0.0,2050.0
2026-09-13 04:30:00,3MW13SEP2026.csv,0.0,0.0,0.0,1910.0,0.0,1910.0
2026-09-13 04:45:00,3MW13SEP2026.csv,0.0,0.0,0.0,1840.0,0.0,1840.0
2026-09-13 05:00:00,3MW13SEP2026.csv,0.0,0.0,0.0,1740.0,0.0,1740.0
2026-09-13 05:15:00,3MW13SEP2026.csv,0.0,0.0,0.0,1770.0,0.0,1770.0
2026-09-13 05:30:00,3MW13SEP2026.csv,0.0,0.0,0.0,1770.0,0.0,1770.0
2026-09-13 05:45:00,3MW13SEP2026.csv,0.0,0.0,0.0,1760.0,0.0,1760.0
2026-09-13 06:00:00,3MW13SEP2026.csv,0.0,0.0,0.0,1410.0,0.0,1410.0
2026-09-13 06:15:00,3MW13SEP2026.csv,10.0,10.0,0.0,1260.0,10.0,1250.0
2026-09-13 06:30:00,3MW13SEP2026.csv,30.0,30.0,0.0,1560.0,30.0,1530.0
2026-09-13 06:45:00,3MW13SEP2026.csv,70.0,70.0,0.0,1660.0,70.0,1580.0
2026-09-13 07:00:00,3MW13SEP2026.csv,120.0,120.0,0.0,1690.0,120.0,1580.0
2026-09-13 07:15:00,3MW13SEP2026.csv,140.0,140.0,0.0,1690.0,140.0,1550.0
2026-09-13 07:30:00,3MW13SEP2026.csv,200.0,200.0,0.0,1660.0,200.0,1460.0
2026-09-13 07:45:00,3MW13SEP2026.csv,280.0,280.0,0.0,1700.0,280.0,1420.0
2026-09-13 08:00:00,3MW13SEP2026.csv,500.0,500.0,0.0,1700.0,500.0,1200.0
2026-09-13 08:15:00,3MW13SEP2026.csv,960.0,960.0,0.0,1770.0,960.0,810.0
2026-09-13 08:30:00,3MW13SEP2026.csv,460.0,460.0,0.0,1750.0,460.0,1290.0
2026-09-13 08:45:00,3MW13SEP2026.csv,580.0,580.0,0.0,1710.0,580.0,1130.0
2026-09-13 09:00:00,3MW13SEP2026.csv,1160.0,1160.0,0.0,1780.0,1160.0,620.0
2026-09-13 09:15:00,3MW13SEP2026.csv,910.0,910.0,0.0,1750.0,910.0,830.0
2026-09-13 09:30:00,3MW13SEP2026.csv,1230.0,1230.0,0.0,1540.0,1230.0,310.0
2026-09-13 09:45:00,3MW13SEP2026.csv,1390.0,1390.0,0.0,1860.0,1390.0,470.0
2026-09-13 10:00:00,3MW13SEP2026.csv,1690.0,1690.0,0.0,1860.0,1690.0,170.0
2026-09-13 10:15:00,3MW13SEP2026.csv,1410.0,1400.0,10.0,1830.0,1400.0,430.0
2026-09-13 10:30:00,3MW13SEP2026.csv,1310.0,1310.0,0.0,1850.0,1310.0,540.0
2026-09-13 10:45:00,3MW13SEP2026.csv,1690.0,1690.0,0.0,1950.0,1690.0,260.0
2026-09-13 11:00:00,3MW13SEP2026.csv,1230.0,1230.0,0.0,1820.0,1230.0,590.0
2026-09-13 11:15:00,3MW13SEP2026.csv,1290.0,1290.0,0.0,1900.0,1290.0,600.0
2026-09-13 11:30:00,3MW13SEP2026.csv,1840.0,1820.0,20.0,1940.0,1820.0,120.0
2026-09-13 11:45:00,3MW13SEP2026.csv,1590.0,1590.0,0.0,1860.0,1590.0,270.0
2026-09-13 12:00:00,3MW13SEP2026.csv,1450.0,1450.0,0.0,1840.0,1450.0,390.0
2026-09-13 12:15:00,3MW13SEP2026.csv,1700.0,1700.0,0.0,1850.0,1700.0,150.0
2026-09-13 12:30:00,3MW13SEP2026.csv,1790.0,1720.0,70.0,1760.0,1720.0,50.0
2026-09-13 12:45:00,3MW13SEP2026.csv,1740.0,1700.0,40.0,1770.0,1700.0,80.0
2026-09-13 13:00:00,3MW13SEP2026.csv,1800.0,1710.0,100.0,1830.0,1710.0,120.0
2026-09-13 13:15:00,3MW13SEP2026.csv,1560.0,1560.0,0.0,1790.0,1560.0,220.0
2026-09-13 13:30:00,3MW13SEP2026.csv,1590.0,1580.0,10.0,1850.0,1580.0,270.0
2026-09-13 13:45:00,3MW13SEP2026.csv,1330.0,1300.0,30.0,1370.0,1300.0,70.0
2026-09-13 14:00:00,3MW13SEP2026.csv,1380.0,1360.0,20.0,1400.0,1360.0,30.0
2026-09-13 14:15:00,3MW13SEP2026.csv,1280.0,1280.0,0.0,1360.0,1280.0,80.0
2026-09-13 14:30:00,3MW13SEP2026.csv,1280.0,1270.0,10.0,1290.0,1270.0,20.0
2026-09-13 14:45:00,3MW13SEP2026.csv,1150.0,1140.0,10.0,1330.0,1140.0,180.0
2026-09-13 15:00:00,3MW13SEP2026.csv,1230.0,1230.0,0.0,1490.0,1230.0,260.0
2026-09-13 15:15:00,3MW13SEP2026.csv,1470.0,1470.0,0.0,1810.0,1470.0,340.0
2026-09-13 15:30:00,3MW13SEP2026.csv,1360.0,1360.0,0.0,1820.0,1360.0,460.0
2026-09-13 15:45:00,3MW13SEP2026.csv,1230.0,1230.0,0.0,1790.0,1230.0,550.0
2026-09-13 16:00:00,3MW13SEP2026.csv,1220.0,1220.0,0.0,1810.0,1220.0,590.0
2026-09-13 16:15:00,3MW13SEP2026.csv,1160.0,1160.0,0.0,1830.0,1160.0,670.0
2026-09-13 16:30:00,3MW13SEP2026.csv,1070.0,1070.0,0.0,1820.0,1070.0,750.0
2026-09-13 16:45:00,3MW13SEP2026.csv,390.0,390.0,0.0,1730.0,390.0,1330.0
2026-09-13 17:00:00,3MW13SEP2026.csv,660.0,660.0,0.0,1770.0,660.0,1120.0
2026-09-13 17:15:00,3MW13SEP2026.csv,520.0,520.0,0.0,1830.0,520.0,1310.0
2026-09-13 17:30:00,3MW13SEP2026.csv,260.0,260.0,0.0,1820.0,260.0,1560.0
2026-09-13 17:45:00,3MW13SEP2026.csv,120.0,120.0,0.0,1730.0,120.0,1610.0
2026-09-13 18:00:00,3MW13SEP2026.csv,30.0,30.0,0.0,1540.0,30.0,1500.0
2026-09-13 18:15:00,3MW13SEP2026.csv,0.0,0.0,0.0,1340.0,0.0,1340.0
2026-09-13 18:30:00,3MW13SEP2026.csv,0.0,0.0,0.0,1610.0,0.0,1610.0
2026-09-13 18:45:00,3MW13SEP2026.csv,0.0,0.0,0.0,1800.0,0.0,1800.0
2026-09-13 19:00:00,3MW13SEP2026.csv,0.0,0.0,0.0,1730.0,0.0,1730.0
2026-09-13 19:15:00,3MW13SEP2026.csv,0.0,0.0,0.0,1680.0,0.0,1680.0
2026-09-13 19:30:00,3MW13SEP2026.csv,0.0,0.0,0.0,1780.0,0.0,1780.0
2026-09-13 19:45:00,3MW13SEP2026.csv,0.0,0.0,0.0,1730.0,0.0,1730.0
2026-09-13 20:00:00,3MW13SEP2026.csv,0.0,0.0,0.0,1380.0,0.0,1380.0
2026-09-13 20:15:00,3MW13SEP2026.csv,0.0,0.0,0.0,1290.0,0.0,1290.0
2026-09-13 20:30:00,3MW13SEP2026.csv,0.0,0.0,0.0,1250.0,0.0,1250.0
2026-09-13 20:45:00,3MW13SEP2026.csv,0.0,0.0,0.0,1310.0,0.0,1310.0
2026-09-13 21:00:00,3MW13SEP2026.csv,0.0,0.0,0.0,1300.0,0.0,1300.0
2026-09-13 21:15:00,3MW13SEP2026.csv,0.0,0.0,0.0,1310.0,0.0,1310.0
2026-09-13 21:30:00,3MW13SEP2026.csv,0.0,0.0,0.0,1310.0,0.0,1310.0
2026-09-13 21:45:00,3MW13SEP2026.csv,0.0,0.0,0.0,1270.0,0.0,1270.0
2026-09-13 22:00:00,3MW13SEP2026.csv,0.0,0.0,0.0,1280.0,0.0,1280.0
2026-09-13 22:15:00,3MW13SEP2026.csv,0.0,0.0,0.0,1220.0,0.0,1220.0
2026-09-13 22:30:00,3MW13SEP2026.csv,0.0,0.0,0.0,1300.0,0.0,1300.0
2026-09-13 22:45:00,3MW13SEP2026.csv,0.0,0.0,0.0,1270.0,0.0,1270.0
2026-09-13 23:00:00,3MW13SEP2026.csv,0.0,0.0,0.0,1290.0,0.0,1290.0
2026-09-13 23:15:00,3MW13SEP2026.csv,0.0,0.0,0.0,1320.0,0.0,1320.0
2026-09-13 23:30:00,3MW13SEP2026.csv,0.0,0.0,0.0,1780.0,0.0,1780.0
2026-09-13 23:45:00,3MW13SEP2026.csv,0.0,0.0,0.0,1760.0,0.0,1760.0
2026-09-14 00:00:00,3MW14SEP2026.csv,0.0,0.0,0.0,1730.0,0.0,1730.0
2026-09-14 00:15:00,3MW14SEP2026.csv,0.0,0.0,0.0,1820.0,0.0,1820.0
2026-09-14 00:30:00,3MW14SEP2026.csv,0.0,0.0,0.0,1800.0,0.0,1800.0
2026-09-14 00:45:00,3MW14SEP2026.csv,0.0,0.0,0.0,1820.0,0.0,1820.0
2026-09-14 01:00:00,3MW14SEP2026.csv,0.0,0.0,0.0,1750.0,0.0,1750.0
2026-09-14 01:15:00,3MW14SEP2026.csv,0.0,0.0,0.0,1690.0,0.0,1690.0
2026-09-14 01:30:00,3MW14SEP2026.csv,0.0,0.0,0.0,1760.0,0.0,1760.0
2026-09-14 01:45:00,3MW14SEP2026.csv,0.0,0.0,0.0,1770.0,0.0,1770.0
2026-09-14 02:00:00,3MW14SEP2026.csv,0.0,0.0,0.0,1730.0,0.0,1730.0
2026-09-14 02:15:00,3MW14SEP2026.csv,0.0,0.0,0.0,1600.0,0.0,1600.0
2026-09-14 02:30:00,3MW14SEP2026.csv,0.0,0.0,0.0,1810.0,0.0,1810.0
2026-09-14 02:45:00,3MW14SEP2026.csv,0.0,0.0,0.0,1360.0,0.0,1360.0
2026-09-14 03:00:00,3MW14SEP2026.csv,0.0,0.0,0.0,1270.0,0.0,1270.0
2026-09-14 03:15:00,3MW14SEP2026.csv,0.0,0.0,0.0,1290.0,0.0,1290.0
2026-09-14 03:30:00,3MW14SEP2026.csv,0.0,0.0,0.0,1320.0,0.0,1320.0
2026-09-14 03:45:00,3MW14SEP2026.csv,0.0,0.0,0.0,1240.0,0.0,1240.0
2026-09-14 04:00:00,3MW14SEP2026.csv,0.0,0.0,0.0,1270.0,0.0,1270.0
2026-09-14 04:15:00,3MW14SEP2026.csv,0.0,0.0,0.0,1260.0,0.0,1260.0
2026-09-14 04:30:00,3MW14SEP2026.csv,0.0,0.0,0.0,1290.0,0.0,1290.0
2026-09-14 04:45:00,3MW14SEP2026.csv,0.0,0.0,0.0,1260.0,0.0,1260.0
2026-09-14 05:00:00,3MW14SEP2026.csv,0.0,0.0,0.0,1280.0,0.0,1280.0
2026-09-14 05:15:00,3MW14SEP2026.csv,0.0,0.0,0.0,1310.0,0.0,1310.0
2026-09-14 05:30:00,3MW14SEP2026.csv,0.0,0.0,0.0,1230.0,0.0,1230.0
2026-09-14 05:45:00,3MW14SEP2026.csv,0.0,0.0,0.0,1220.0,0.0,1220.0
2026-09-14 06:00:00,3MW14SEP2026.csv,0.0,0.0,0.0,1230.0,0.0,1230.0
2026-09-14 06:15:00,3MW14SEP2026.csv,10.0,10.0,0.0,1240.0,10.0,1240.0
2026-09-14 06:30:00,3MW14SEP2026.csv,30.0,30.0,0.0,1340.0,30.0,1310.0
2026-09-14 06:45:00,3MW14SEP2026.csv,70.0,70.0,0.0,1790.0,70.0,1720.0
2026-09-14 07:00:00,3MW14SEP2026.csv,130.0,130.0,0.0,1660.0,130.0,1530.0
2026-09-14 07:15:00,3MW14SEP2026.csv,200.0,200.0,0.0,1680.0,200.0,1480.0
2026-09-14 07:30:00,3MW14SEP2026.csv,290.0,290.0,0.0,1230.0,290.0,940.0
2026-09-14 07:45:00,3MW14SEP2026.csv,440.0,440.0,0.0,1260.0,440.0,820.0
2026-09-14 08:00:00,3MW14SEP2026.csv,420.0,420.0,0.0,1810.0,420.0,1380.0
2026-09-14 08:15:00,3MW14SEP2026.csv,420.0,420.0,0.0,1670.0,420.0,1250.0
2026-09-14 08:30:00,3MW14SEP2026.csv,800.0,800.0,0.0,1570.0,800.0,760.0
2026-09-14 08:45:00,3MW14SEP2026.csv,600.0,600.0,0.0,1340.0,600.0,740.0
2026-09-14 09:00:00,3MW14SEP2026.csv,720.0,720.0,0.0,1370.0,720.0,650.0
2026-09-14 09:15:00,3MW14SEP2026.csv,600.0,600.0,0.0,1340.0,600.0,740.0
2026-09-14 09:30:00,3MW14SEP2026.csv,750.0,750.0,0.0,1300.0,750.0,550.0
2026-09-14 09:45:00,3MW14SEP2026.csv,690.0,690.0,0.0,1390.0,690.0,710.0
2026-09-14 10:00:00,3MW14SEP2026.csv,760.0,760.0,0.0,1850.0,760.0,1090.0
2026-09-14 10:15:00,3MW14SEP2026.csv,980.0,980.0,0.0,1880.0,980.0,900.0
2026-09-14 10:30:00,3MW14SEP2026.csv,970.0,970.0,0.0,1840.0,970.0,870.0
2026-09-14 10:45:00,3MW14SEP2026.csv,880.0,880.0,0.0,1830.0,880.0,950.0
2026-09-14 11:00:00,3MW14SEP2026.csv,630.0,630.0,0.0,1890.0,630.0,1260.0
2026-09-14 11:15:00,3MW14SEP2026.csv,480.0,480.0,0.0,1800.0,480.0,1320.0
2026-09-14 11:30:00,3MW14SEP2026.csv,1110.0,1110.0,0.0,1760.0,1110.0,650.0
2026-09-14 11:45:00,3MW14SEP2026.csv,1570.0,1570.0,0.0,1950.0,1570.0,370.0
2026-09-14 12:00:00,3MW14SEP2026.csv,910.0,910.0,0.0,1810.0,910.0,900.0
2026-09-14 12:15:00,3MW14SEP2026.csv,1420.0,1420.0,0.0,1880.0,1420.0,460.0
2026-09-14 12:30:00,3MW14SEP2026.csv,1290.0,1290.0,0.0,1850.0,1290.0,560.0
2026-09-14 12:45:00,3MW14SEP2026.csv,1180.0,1180.0,0.0,1860.0,1180.0,670.0
2026-09-14 13:00:00,3MW14SEP2026.csv,1070.0,1070.0,0.0,1840.0,1070.0,780.0
2026-09-14 13:15:00,3MW14SEP2026.csv,1370.0,1370.0,0.0,1890.0,1370.0,530.0
2026-09-14 13:30:00,3MW14SEP2026.csv,1120.0,1120.0,0.0,1690.0,1120.0,570.0
2026-09-14 13:45:00,3MW14SEP2026.csv,850.0,850.0,0.0,1820.0,850.0,970.0
2026-09-14 14:00:00,3MW14SEP2026.csv,1250.0,1250.0,0.0,1870.0,1250.0,620.0
2026-09-14 14:15:00,3MW14SEP2026.csv,990.0,990.0,0.0,1830.0,990.0,830.0
2026-09-14 14:30:00,3MW14SEP2026.csv,460.0,460.0,0.0,1760.0,460.0,1300.0
2026-09-14 14:45:00,3MW14SEP2026.csv,750.0,750.0,0.0,1760.0,750.0,1010.0
2026-09-14 15:00:00,3MW14SEP2026.csv,1000.0,1000.0,0.0,1900.0,1000.0,900.0
2026-09-14 15:15:00,3MW14SEP2026.csv,900.0,900.0,0.0,1820.0,900.0,920.0
2026-09-14 15:30:00,3MW14SEP2026.csv,720.0,720.0,0.0,1710.0,720.0,990.0
2026-09-14 15:45:00,3MW14SEP2026.csv,470.0,470.0,0.0,1890.0,470.0,1420.0
2026-09-14 16:00:00,3MW14SEP2026.csv,740.0,740.0,0.0,1820.0,740.0,1070.0
2026-09-14 16:15:00,3MW14SEP2026.csv,290.0,290.0,0.0,1890.0,290.0,1600.0
2026-09-14 16:30:00,3MW14SEP2026.csv,90.0,90.0,0.0,1760.0,90.0,1670.0
2026-09-14 16:45:00,3MW14SEP2026.csv,60.0,60.0,0.0,1830.0,60.0,1770.0
2026-09-14 17:00:00,3MW14SEP2026.csv,20.0,20.0,0.0,1740.0,20.0,1720.0
2026-09-14 17:15:00,3MW14SEP2026.csv,0.0,0.0,0.0,1820.0,0.0,1810.0
2026-09-14 17:30:00,3MW14SEP2026.csv,0.0,0.0,0.0,1810.0,0.0,1810.0
2026-09-14 17:45:00,3MW14SEP2026.csv,0.0,0.0,0.0,1640.0,0.0,1640.0
2026-09-14 18:00:00,3MW14SEP2026.csv,0.0,0.0,0.0,1270.0,0.0,1270.0
2026-09-14 18:15:00,3MW14SEP2026.csv,0.0,0.0,0.0,1690.0,0.0,1690.0
2026-09-14 18:30:00,3MW14SEP2026.csv,0.0,0.0,0.0,1350.0,0.0,1350.0
2026-09-14 18:45:00,3MW14SEP2026.csv,0.0,0.0,0.0,1740.0,0.0,1740.0
2026-09-14 19:00:00,3MW14SEP2026.csv,0.0,0.0,0.0,1570.0,0.0,1570.0
2026-09-14 19:15:00,3MW14SEP2026.csv,0.0,0.0,0.0,1730.0,0.0,1730.0
2026-09-14 19:30:00,3MW14SEP2026.csv,0.0,0.0,0.0,1780.0,0.0,1780.0
2026-09-14 19:45:00,3MW14SEP2026.csv,0.0,0.0,0.0,1830.0,0.0,1830.0
2026-09-14 20:00:00,3MW14SEP2026.csv,0.0,0.0,0.0,1760.0,0.0,1760.0
2026-09-14 20:15:00,3MW14SEP2026.csv,0.0,0.0,0.0,1770.0,0.0,1770.0
2026-09-14 20:30:00,3MW14SEP2026.csv,0.0,0.0,0.0,1720.0,0.0,1720.0
2026-09-14 20:45:00,3MW14SEP2026.csv,0.0,0.0,0.0,1450.0,0.0,1450.0
2026-09-14 21:00:00,3MW14SEP2026.csv,0.0,0.0,0.0,1270.0,0.0,1270.0
2026-09-14 21:15:00,3MW14SEP2026.csv,0.0,0.0,0.0,1300.0,0.0,1300.0
2026-09-14 21:30:00,3MW14SEP2026.csv,0.0,0.0,0.0,1220.0,0.0,1220.0
2026-09-14 21:45:00,3MW14SEP2026.csv,0.0,0.0,0.0,1200.0,0.0,1200.0
2026-09-14 22:00:00,3MW14SEP2026.csv,0.0,0.0,0.0,1220.0,0.0,1220.0
2026-09-14 22:15:00,3MW14SEP2026.csv,0.0,0.0,0.0,1260.0,0.0,1260.0
2026-09-14 22:30:00,3MW14SEP2026.csv,0.0,0.0,0.0,1310.0,0.0,1310.0
2026-09-14 22:45:00,3MW14SEP2026.csv,0.0,0.0,0.0,1210.0,0.0,1210.0
2026-09-14 23:00:00,3MW14SEP2026.csv,0.0,0.0,0.0,1300.0,0.0,1300.0
2026-09-14 23:15:00,3MW14SEP2026.csv,0.0,0.0,0.0,1380.0,0.0,1380.0
2026-09-14 23:30:00,3MW14SEP2026.csv,0.0,0.0,0.0,1820.0,0.0,1820.0
2026-09-14 23:45:00,3MW14SEP2026.csv,0.0,0.0,0.0,1800.0,0.0,1800.0
2026-09-15 00:00:00,3MW15SEP2026.csv,0.0,0.0,0.0,1730.0,0.0,1730.0
2026-09-15 00:15:00,3MW15SEP2026.csv,0.0,0.0,0.0,1880.0,0.0,1880.0
2026-09-15 00:30:00,3MW15SEP2026.csv,0.0,0.0,0.0,1450.0,0.0,1450.0
2026-09-15 00:45:00,3MW15SEP2026.csv,0.0,0.0,0.0,1220.0,0.0,1220.0
2026-09-15 01:00:00,3MW15SEP2026.csv,0.0,0.0,0.0,1510.0,0.0,1510.0
2026-09-15 01:15:00,3MW15SEP2026.csv,0.0,0.0,0.0,1560.0,0.0,1560.0
2026-09-15 01:30:00,3MW15SEP2026.csv,0.0,0.0,0.0,1740.0,0.0,1740.0
2026-09-15 01:45:00,3MW15SEP2026.csv,0.0,0.0,0.0,1390.0,0.0,1390.0
2026-09-15 02:00:00,3MW15SEP2026.csv,0.0,0.0,0.0,1490.0,0.0,1490.0
2026-09-15 02:15:00,3MW15SEP2026.csv,0.0,0.0,0.0,1660.0,0.0,1660.0
2026-09-15 02:30:00,3MW15SEP2026.csv,0.0,0.0,0.0,1790.0,0.0,1790.0
2026-09-15 02:45:00,3MW15SEP2026.csv,0.0,0.0,0.0,1750.0,0.0,1750.0
2026-09-15 03:00:00,3MW15SEP2026.csv,0.0,0.0,0.0,1710.0,0.0,1710.0
2026-09-15 03:15:00,3MW15SEP2026.csv,0.0,0.0,0.0,1700.0,0.0,1700.0
2026-09-15 03:30:00,3MW15SEP2026.csv,0.0,0.0,0.0,1680.0,0.0,1680.0
2026-09-15 03:45:00,3MW15SEP2026.csv,0.0,0.0,0.0,1730.0,0.0,1730.0
2026-09-15 04:00:00,3MW15SEP2026.csv,0.0,0.0,0.0,1690.0,0.0,1690.0
2026-09-15 04:15:00,3MW15SEP2026.csv,0.0,0.0,0.0,1750.0,0.0,1750.0
2026-09-15 04:30:00,3MW15SEP2026.csv,0.0,0.0,0.0,1730.0,0.0,1730.0
2026-09-15 04:45:00,3MW15SEP2026.csv,0.0,0.0,0.0,1730.0,0.0,1730.0
2026-09-15 05:00:00,3MW15SEP2026.csv,0.0,0.0,0.0,1660.0,0.0,1660.0
2026-09-15 05:15:00,3MW15SEP2026.csv,0.0,0.0,0.0,1710.0,0.0,1710.0
2026-09-15 05:30:00,3MW15SEP2026.csv,0.0,0.0,0.0,1780.0,0.0,1780.0
2026-09-15 05:45:00,3MW15SEP2026.csv,0.0,0.0,0.0,1790.0,0.0,1790.0
2026-09-15 06:00:00,3MW15SEP2026.csv,0.0,0.0,0.0,1690.0,0.0,1690.0
2026-09-15 06:15:00,3MW15SEP2026.csv,10.0,10.0,0.0,1820.0,10.0,1810.0
2026-09-15 06:30:00,3MW15SEP2026.csv,50.0,50.0,0.0,1770.0,50.0,1720.0
2026-09-15 06:45:00,3MW15SEP2026.csv,110.0,110.0,0.0,1840.0,110.0,1730.0
2026-09-15 07:00:00,3MW15SEP2026.csv,170.0,170.0,0.0,1750.0,170.0,1580.0
2026-09-15 07:15:00,3MW15SEP2026.csv,250.0,250.0,0.0,1670.0,250.0,1420.0
2026-09-15 07:30:00,3MW15SEP2026.csv,300.0,300.0,0.0,1750.0,300.0,1450.0
2026-09-15 07:45:00,3MW15SEP2026.csv,330.0,330.0,0.0,1850.0,330.0,1510.0
2026-09-15 08:00:00,3MW15SEP2026.csv,240.0,240.0,0.0,1810.0,240.0,1580.0
2026-09-15 08:15:00,3MW15SEP2026.csv,250.0,250.0,0.0,1790.0,250.0,1540.0
2026-09-15 08:30:00,3MW15SEP2026.csv,250.0,250.0,0.0,1720.0,250.0,1470.0
2026-09-15 08:45:00,3MW15SEP2026.csv,190.0,190.0,0.0,1860.0,190.0,1670.0
2026-09-15 09:00:00,3MW15SEP2026.csv,210.0,210.0,0.0,1790.0,210.0,1580.0
2026-09-15 09:15:00,3MW15SEP2026.csv,220.0,220.0,0.0,1840.0,220.0,1610.0
2026-09-15 09:30:00,3MW15SEP2026.csv,220.0,220.0,0.0,1790.0,220.0,1570.0
2026-09-15 09:45:00,3MW15SEP2026.csv,210.0,210.0,0.0,1850.0,210.0,1640.0
2026-09-15 10:00:00,3MW15SEP2026.csv,310.0,310.0,0.0,1480.0,310.0,1170.0
2026-09-15 10:15:00,3MW15SEP2026.csv,260.0,260.0,0.0,1790.0,260.0,1530.0
2026-09-15 10:30:00,3MW15SEP2026.csv,290.0,290.0,0.0,1780.0,290.0,1490.0
2026-09-15 10:45:00,3MW15SEP2026.csv,420.0,420.0,0.0,2029.9999999999998,420.0,1600.0
2026-09-15 11:00:00,3MW15SEP2026.csv,510.0,510.0,0.0,2120.0,510.0,1610.0
2026-09-15 11:15:00,3MW15SEP2026.csv,730.0,730.0,0.0,2120.0,730.0,1380.0
2026-09-15 11:30:00,3MW15SEP2026.csv,790.0,790.0,0.0,2080.0,790.0,1300.0
2026-09-15 11:45:00,3MW15SEP2026.csv,990.0,990.0,0.0,2040.0,990.0,1050.0
2026-09-15 12:00:00,3MW15SEP2026.csv,1140.0,1140.0,0.0,2130.0,1140.0,990.0
2026-09-15 12:15:00,3MW15SEP2026.csv,1270.0,1270.0,0.0,1840.0,1270.0,570.0
2026-09-15 12:30:00,3MW15SEP2026.csv,1320.0,1320.0,0.0,1570.0,1320.0,250.0
2026-09-15 12:45:00,3MW15SEP2026.csv,1270.0,1270.0,0.0,1580.0,1270.0,310.0
2026-09-15 13:00:00,3MW15SEP2026.csv,1460.0,1460.0,0.0,2080.0,1460.0,610.0
2026-09-15 13:15:00,3MW15SEP2026.csv,1590.0,1580.0,10.0,2029.9999999999998,1580.0,460.0
2026-09-15 13:30:00,3MW15SEP2026.csv,1870.0,1870.0,0.0,2130.0,1870.0,260.0
2026-09-15 13:45:00,3MW15SEP2026.csv,1950.0,1950.0,0.0,2050.0,1950.0,100.0
2026-09-15 14:00:00,3MW15SEP2026.csv,1810.0,1810.0,0.0,2210.0,1810.0,400.0
2026-09-15 14:15:00,3MW15SEP2026.csv,1890.0,1880.0,10.0,2009.9999999999998,1880.0,130.0
2026-09-15 14:30:00,3MW15SEP2026.csv,1780.0,1780.0,0.0,2050.0,1780.0,280.0
2026-09-15 14:45:00,3MW15SEP2026.csv,1310.0,1310.0,0.0,2140.0,1310.0,830.0
2026-09-15 15:00:00,3MW15SEP2026.csv,1590.0,1590.0,0.0,2029.9999999999998,1590.0,440.0
2026-09-15 15:15:00,3MW15SEP2026.csv,1390.0,1390.0,0.0,2040.0,1390.0,650.0
2026-09-15 15:30:00,3MW15SEP2026.csv,1080.0,1080.0,0.0,2090.0,1080.0,1010.0
2026-09-15 15:45:00,3MW15SEP2026.csv,1120.0,1120.0,0.0,2020.0,1120.0,890.0
2026-09-15 16:00:00,3MW15SEP2026.csv,1240.0,1240.0,0.0,2110.0,1240.0,870.0
2026-09-15 16:15:00,3MW15SEP2026.csv,1020.0,1020.0,0.0,2060.0,1020.0,1040.0
2026-09-15 16:30:00,3MW15SEP2026.csv,980.0,980.0,0.0,1970.0,980.0,1000.0
2026-09-15 16:45:00,3MW15SEP2026.csv,720.0,720.0,0.0,2160.0,720.0,1430.0
2026-09-15 17:00:00,3MW15SEP2026.csv,390.0,390.0,0.0,2000.0,390.0,1620.0
2026-09-15 17:15:00,3MW15SEP2026.csv,160.0,160.0,0.0,2009.9999999999998,160.0,1850.0
2026-09-15 17:30:00,3MW15SEP2026.csv,80.0,80.0,0.0,1970.0,80.0,1890.0
2026-09-15 17:45:00,3MW15SEP2026.csv,50.0,50.0,0.0,1920.0,50.0,1870.0
2026-09-15 18:00:00,3MW15SEP2026.csv,10.0,10.0,0.0,2000.0,10.0,1990.0
2026-09-15 18:15:00,3MW15SEP2026.csv,0.0,0.0,0.0,2060.0,0.0,2060.0
2026-09-15 18:30:00,3MW15SEP2026.csv,0.0,0.0,0.0,2020.0,0.0,2020.0
2026-09-15 18:45:00,3MW15SEP2026.csv,0.0,0.0,0.0,1950.0,0.0,1950.0
2026-09-15 19:00:00,3MW15SEP2026.csv,0.0,0.0,0.0,1910.0,0.0,1910.0
2026-09-15 19:15:00,3MW15SEP2026.csv,0.0,0.0,0.0,1830.0,0.0,1830.0
2026-09-15 19:30:00,3MW15SEP2026.csv,0.0,0.0,0.0,1980.0,0.0,1980.0
2026-09-15 19:45:00,3MW15SEP2026.csv,0.0,0.0,0.0,1920.0,0.0,1920.0
2026-09-15 20:00:00,3MW15SEP2026.csv,0.0,0.0,0.0,2070.0,0.0,2070.0
2026-09-15 20:15:00,3MW15SEP2026.csv,0.0,0.0,0.0,2029.9999999999998,0.0,2029.9999999999998
2026-09-15 20:30:00,3MW15SEP2026.csv,0.0,0.0,0.0,1690.0,0.0,1690.0
2026-09-15 20:45:00,3MW15SEP2026.csv,0.0,0.0,0.0,1510.0,0.0,1510.0
2026-09-15 21:00:00,3MW15SEP2026.csv,0.0,0.0,0.0,1560.0,0.0,1560.0
2026-09-15 21:15:00,3MW15SEP2026.csv,0.0,0.0,0.0,1520.0,0.0,1520.0
2026-09-15 21:30:00,3MW15SEP2026.csv,0.0,0.0,0.0,1480.0,0.0,1480.0
2026-09-15 21:45:00,3MW15SEP2026.csv,0.0,0.0,0.0,1530.0,0.0,1530.0
2026-09-15 22:00:00,3MW15SEP2026.csv,0.0,0.0,0.0,1530.0,0.0,1530.0
2026-09-15 22:15:00,3MW15SEP2026.csv,0.0,0.0,0.0,1570.0,0.0,1570.0
2026-09-15 22:30:00,3MW15SEP2026.csv,0.0,0.0,0.0,1520.0,0.0,1520.0
2026-09-15 22:45:00,3MW15SEP2026.csv,0.0,0.0,0.0,1520.0,0.0,1520.0
2026-09-15 23:00:00,3MW15SEP2026.csv,0.0,0.0,0.0,1550.0,0.0,1550.0
2026-09-15 23:15:00,3MW15SEP2026.csv,0.0,0.0,0.0,1480.0,0.0,1480.0
2026-09-15 23:30:00,3MW15SEP2026.csv,0.0,0.0,0.0,1400.0,0.0,1400.0
2026-09-15 23:45:00,3MW15SEP2026.csv,0.0,0.0,0.0,1570.0,0.0,1570.0
2026-09-16 00:00:00,3MW16SEP2026.csv,0.0,0.0,0.0,1420.0,0.0,1420.0
2026-09-16 00:15:00,3MW16SEP2026.csv,0.0,0.0,0.0,1510.0,0.0,1510.0
2026-09-16 00:30:00,3MW16SEP2026.csv,0.0,0.0,0.0,1600.0,0.0,1600.0
2026-09-16 00:45:00,3MW16SEP2026.csv,0.0,0.0,0.0,1420.0,0.0,1420.0
2026-09-16 01:00:00,3MW16SEP2026.csv,0.0,0.0,0.0,1540.0,0.0,1540.0
2026-09-16 01:15:00,3MW16SEP2026.csv,0.0,0.0,0.0,1480.0,0.0,1480.0
2026-09-16 01:30:00,3MW16SEP2026.csv,0.0,0.0,0.0,1550.0,0.0,1550.0
2026-09-16 01:45:00,3MW16SEP2026.csv,0.0,0.0,0.0,1380.0,0.0,1380.0
2026-09-16 02:00:00,3MW16SEP2026.csv,0.0,0.0,0.0,1540.0,0.0,1540.0
2026-09-16 02:15:00,3MW16SEP2026.csv,0.0,0.0,0.0,1410.0,0.0,1410.0
2026-09-16 02:30:00,3MW16SEP2026.csv,0.0,0.0,0.0,1530.0,0.0,1530.0
2026-09-16 02:45:00,3MW16SEP2026.csv,0.0,0.0,0.0,1530.0,0.0,1530.0
2026-09-16 03:00:00,3MW16SEP2026.csv,0.0,0.0,0.0,1450.0,0.0,1450.0
2026-09-16 03:15:00,3MW16SEP2026.csv,0.0,0.0,0.0,1390.0,0.0,1390.0
2026-09-16 03:30:00,3MW16SEP2026.csv,0.0,0.0,0.0,1500.0,0.0,1500.0
2026-09-16 03:45:00,3MW16SEP2026.csv,0.0,0.0,0.0,1540.0,0.0,1540.0
2026-09-16 04:00:00,3MW16SEP2026.csv,0.0,0.0,0.0,1450.0,0.0,1450.0
2026-09-16 04:15:00,3MW16SEP2026.csv,0.0,0.0,0.0,1450.0,0.0,1450.0
2026-09-16 04:30:00,3MW16SEP2026.csv,0.0,0.0,0.0,1430.0,0.0,1430.0
2026-09-16 04:45:00,3MW16SEP2026.csv,0.0,0.0,0.0,1400.0,0.0,1400.0
2026-09-16 05:00:00,3MW16SEP2026.csv,0.0,0.0,0.0,1650.0,0.0,1650.0
2026-09-16 05:15:00,3MW16SEP2026.csv,0.0,0.0,0.0,1710.0,0.0,1710.0
2026-09-16 05:30:00,3MW16SEP2026.csv,0.0,0.0,0.0,1930.0,0.0,1930.0
2026-09-16 05:45:00,3MW16SEP2026.csv,0.0,0.0,0.0,1860.0,0.0,1860.0
2026-09-16 06:00:00,3MW16SEP2026.csv,0.0,0.0,0.0,1960.0,0.0,1960.0
2026-09-16 06:15:00,3MW16SEP2026.csv,40.0,40.0,0.0,1830.0,40.0,1790.0
2026-09-16 06:30:00,3MW16SEP2026.csv,50.0,50.0,0.0,1950.0,50.0,1890.0
2026-09-16 06:45:00,3MW16SEP2026.csv,60.0,60.0,0.0,1910.0,60.0,1850.0
2026-09-16 07:00:00,3MW16SEP2026.csv,70.0,70.0,0.0,1990.0,70.0,1930.0
2026-09-16 07:15:00,3MW16SEP2026.csv,100.0,100.0,0.0,2040.0,100.0,1940.0
2026-09-16 07:30:00,3MW16SEP2026.csv,150.0,150.0,0.0,1850.0,150.0,1700.0
2026-09-16 07:45:00,3MW16SEP2026.csv,220.0,220.0,0.0,1810.0,220.0,1590.0
2026-09-16 08:00:00,3MW16SEP2026.csv,340.0,340.0,0.0,1920.0,340.0,1580.0
2026-09-16 08:15:00,3MW16SEP2026.csv,570.0,570.0,0.0,1840.0,570.0,1270.0
2026-09-16 08:30:00,3MW16SEP2026.csv,650.0,650.0,0.0,2060.0,650.0,1410.0
2026-09-16 08:45:00,3MW16SEP2026.csv,710.0,710.0,0.0,2009.9999999999998,710.0,1300.0
2026-09-16 09:00:00,3MW16SEP2026.csv,710.0,710.0,0.0,1900.0,710.0,1190.0
2026-09-16 09:15:00,3MW16SEP2026.csv,1140.0,1140.0,0.0,2080.0,1140.0,940.0
2026-09-16 09:30:00,3MW16SEP2026.csv,1150.0,1150.0,0.0,2060.0,1150.0,910.0
2026-09-16 09:45:00,3MW16SEP2026.csv,730.0,730.0,0.0,2020.0,730.0,1290.0
2026-09-16 10:00:00,3MW16SEP2026.csv,1520.0,1520.0,0.0,1970.0,1520.0,450.0
2026-09-16 10:15:00,3MW16SEP2026.csv,1600.0,1600.0,0.0,2000.0,1600.0,400.0
2026-09-16 10:30:00,3MW16SEP2026.csv,1330.0,1330.0,0.0,1880.0,1330.0,540.0
2026-09-16 10:45:00,3MW16SEP2026.csv,1000.0,1000.0,0.0,1950.0,1000.0,950.0
2026-09-16 11:00:00,3MW16SEP2026.csv,1100.0,1080.0,30.0,1470.0,1080.0,390.0
2026-09-16 11:15:00,3MW16SEP2026.csv,660.0,660.0,0.0,1530.0,660.0,870.0
2026-09-16 11:30:00,3MW16SEP2026.csv,400.0,400.0,0.0,1460.0,400.0,1070.0
2026-09-16 11:45:00,3MW16SEP2026.csv,1010.0,1010.0,0.0,1570.0,1010.0,560.0
2026-09-16 12:00:00,3MW16SEP2026.csv,1720.0,1720.0,0.0,2080.0,1720.0,360.0
2026-09-16 12:15:00,3MW16SEP2026.csv,2009.9999999999998,2009.9999999999998,0.0,2220.0,2009.9999999999998,210.0
2026-09-16 12:30:00,3MW16SEP2026.csv,1920.0,1910.0,10.0,1970.0,1910.0,60.0
2026-09-16 12:45:00,3MW16SEP2026.csv,1610.0,1610.0,0.0,2000.0,1610.0,380.0
2026-09-16 13:00:00,3MW16SEP2026.csv,1750.0,1750.0,0.0,2180.0,1750.0,420.0
2026-09-16 13:15:00,3MW16SEP2026.csv,1240.0,1240.0,0.0,2009.9999999999998,1240.0,770.0
2026-09-16 13:30:00,3MW16SEP2026.csv,520.0,520.0,0.0,2040.0,520.0,1530.0
2026-09-16 13:45:00,3MW16SEP2026.csv,70.0,70.0,0.0,2009.9999999999998,70.0,1940.0
2026-09-16 14:00:00,3MW16SEP2026.csv,520.0,520.0,0.0,520.0,520.0,0.0
2026-09-16 14:15:00,3MW16SEP2026.csv,680.0,680.0,0.0,680.0,680.0,0.0
2026-09-16 14:30:00,3MW16SEP2026.csv,650.0,650.0,0.0,650.0,650.0,0.0
2026-09-16 14:45:00,3MW16SEP2026.csv,630.0,630.0,0.0,630.0,630.0,0.0
2026-09-16 15:00:00,3MW16SEP2026.csv,790.0,790.0,0.0,790.0,790.0,0.0
2026-09-16 15:15:00,3MW16SEP2026.csv,820.0,820.0,0.0,820.0,820.0,0.0
2026-09-16 15:30:00,3MW16SEP2026.csv,560.0,560.0,0.0,560.0,560.0,0.0
2026-09-16 15:45:00,3MW16SEP2026.csv,390.0,390.0,0.0,390.0,390.0,0.0
2026-09-16 16:00:00,3MW16SEP2026.csv,290.0,290.0,0.0,290.0,290.0,0.0
2026-09-16 16:15:00,3MW16SEP2026.csv,210.0,210.0,0.0,210.0,210.0,0.0
2026-09-16 16:30:00,3MW16SEP2026.csv,150.0,150.0,0.0,150.0,150.0,0.0
2026-09-16 16:45:00,3MW16SEP2026.csv,130.0,130.0,0.0,130.0,130.0,0.0
2026-09-16 17:00:00,3MW16SEP2026.csv,100.0,100.0,0.0,100.0,100.0,0.0
2026-09-16 17:15:00,3MW16SEP2026.csv,70.0,70.0,0.0,70.0,70.0,0.0
2026-09-16 17:30:00,3MW16SEP2026.csv,30.0,30.0,0.0,30.0,30.0,0.0
2026-09-16 17:45:00,3MW16SEP2026.csv,10.0,10.0,0.0,10.0,10.0,0.0
2026-09-16 18:00:00,3MW16SEP2026.csv,0.0,0.0,0.0,0.0,0.0,0.0
2026-09-16 18:15:00,3MW16SEP2026.csv,0.0,0.0,0.0,0.0,0.0,0.0
2026-09-16 18:30:00,3MW16SEP2026.csv,0.0,0.0,0.0,0.0,0.0,0.0
2026-09-16 18:45:00,3MW16SEP2026.csv,0.0,0.0,0.0,0.0,0.0,0.0
2026-09-16 19:00:00,3MW16SEP2026.csv,0.0,0.0,0.0,0.0,0.0,0.0
2026-09-16 19:15:00,3MW16SEP2026.csv,0.0,0.0,0.0,0.0,0.0,0.0
2026-09-16 19:30:00,3MW16SEP2026.csv,0.0,0.0,0.0,0.0,0.0,0.0
2026-09-16 19:45:00,3MW16SEP2026.csv,0.0,0.0,0.0,0.0,0.0,0.0
2026-09-16 20:00:00,3MW16SEP2026.csv,0.0,0.0,0.0,0.0,0.0,0.0
2026-09-16 20:15:00,3MW16SEP2026.csv,0.0,0.0,0.0,0.0,0.0,0.0
2026-09-16 20:30:00,3MW16SEP2026.csv,0.0,0.0,0.0,0.0,0.0,0.0
2026-09-16 20:45:00,3MW16SEP2026.csv,0.0,0.0,0.0,0.0,0.0,0.0
2026-09-16 21:00:00,3MW16SEP2026.csv,0.0,0.0,0.0,0.0,0.0,0.0
2026-09-16 21:15:00,3MW16SEP2026.csv,0.0,0.0,0.0,0.0,0.0,0.0
2026-09-16 21:30:00,3MW16SEP2026.csv,0.0,0.0,0.0,0.0,0.0,0.0
2026-09-16 21:45:00,3MW16SEP2026.csv,0.0,0.0,0.0,0.0,0.0,0.0
2026-09-16 22:00:00,3MW16SEP2026.csv,0.0,0.0,0.0,0.0,0.0,0.0
2026-09-16 22:15:00,3MW16SEP2026.csv,0.0,0.0,0.0,0.0,0.0,0.0
2026-09-16 22:30:00,3MW16SEP2026.csv,0.0,0.0,0.0,0.0,0.0,0.0
2026-09-16 22:45:00,3MW16SEP2026.csv,0.0,0.0,0.0,0.0,0.0,0.0
2026-09-16 23:00:00,3MW16SEP2026.csv,0.0,0.0,0.0,0.0,0.0,0.0
2026-09-16 23:15:00,3MW16SEP2026.csv,0.0,0.0,0.0,0.0,0.0,0.0
2026-09-16 23:30:00,3MW16SEP2026.csv,0.0,0.0,0.0,0.0,0.0,0.0
2026-09-16 23:45:00,3MW16SEP2026.csv,0.0,0.0,0.0,0.0,0.0,0.0
2026-09-17 00:00:00,3MW17SEP2026.csv,0.0,0.0,0.0,0.0,0.0,0.0
2026-09-17 00:15:00,3MW17SEP2026.csv,0.0,0.0,0.0,0.0,0.0,0.0
2026-09-17 00:30:00,3MW17SEP2026.csv,0.0,0.0,0.0,0.0,0.0,0.0
2026-09-17 00:45:00,3MW17SEP2026.csv,0.0,0.0,0.0,0.0,0.0,0.0
2026-09-17 01:00:00,3MW17SEP2026.csv,0.0,0.0,0.0,0.0,0.0,0.0
2026-09-17 01:15:00,3MW17SEP2026.csv,0.0,0.0,0.0,0.0,0.0,0.0
2026-09-17 01:30:00,3MW17SEP2026.csv,0.0,0.0,0.0,0.0,0.0,0.0
2026-09-17 01:45:00,3MW17SEP2026.csv,0.0,0.0,0.0,0.0,0.0,0.0
2026-09-17 02:00:00,3MW17SEP2026.csv,0.0,0.0,0.0,0.0,0.0,0.0
2026-09-17 02:15:00,3MW17SEP2026.csv,0.0,0.0,0.0,0.0,0.0,0.0
2026-09-17 02:30:00,3MW17SEP2026.csv,0.0,0.0,0.0,0.0,0.0,0.0
2026-09-17 02:45:00,3MW17SEP2026.csv,0.0,0.0,0.0,0.0,0.0,0.0
2026-09-17 03:00:00,3MW17SEP2026.csv,0.0,0.0,0.0,0.0,0.0,0.0
2026-09-17 03:15:00,3MW17SEP2026.csv,0.0,0.0,0.0,0.0,0.0,0.0
2026-09-17 03:30:00,3MW17SEP2026.csv,0.0,0.0,0.0,0.0,0.0,0.0
2026-09-17 03:45:00,3MW17SEP2026.csv,0.0,0.0,0.0,0.0,0.0,0.0
2026-09-17 04:00:00,3MW17SEP2026.csv,0.0,0.0,0.0,0.0,0.0,0.0
2026-09-17 04:15:00,3MW17SEP2026.csv,0.0,0.0,0.0,0.0,0.0,0.0
2026-09-17 04:30:00,3MW17SEP2026.csv,0.0,0.0,0.0,0.0,0.0,0.0
2026-09-17 04:45:00,3MW17SEP2026.csv,0.0,0.0,0.0,0.0,0.0,0.0
2026-09-17 05:00:00,3MW17SEP2026.csv,0.0,0.0,0.0,0.0,0.0,0.0
2026-09-17 05:15:00,3MW17SEP2026.csv,0.0,0.0,0.0,0.0,0.0,0.0
2026-09-17 05:30:00,3MW17SEP2026.csv,0.0,0.0,0.0,0.0,0.0,0.0
2026-09-17 05:45:00,3MW17SEP2026.csv,0.0,0.0,0.0,0.0,0.0,0.0
2026-09-17 06:00:00,3MW17SEP2026.csv,0.0,0.0,0.0,0.0,0.0,0.0
2026-09-17 06:15:00,3MW17SEP2026.csv,30.0,30.0,0.0,30.0,30.0,0.0
2026-09-17 06:30:00,3MW17SEP2026.csv,60.0,60.0,0.0,60.0,60.0,0.0
2026-09-17 06:45:00,3MW17SEP2026.csv,90.0,90.0,0.0,90.0,90.0,0.0
2026-09-17 07:00:00,3MW17SEP2026.csv,150.0,150.0,0.0,150.0,150.0,0.0
2026-09-17 07:15:00,3MW17SEP2026.csv,210.0,210.0,0.0,210.0,210.0,0.0
2026-09-17 07:30:00,3MW17SEP2026.csv,340.0,340.0,0.0,340.0,340.0,0.0
2026-09-17 07:45:00,3MW17SEP2026.csv,380.0,380.0,0.0,380.0,380.0,0.0
2026-09-17 08:00:00,3MW17SEP2026.csv,370.0,370.0,0.0,370.0,370.0,0.0
2026-09-17 08:15:00,3MW17SEP2026.csv,320.0,320.0,0.0,320.0,320.0,0.0
2026-09-17 08:30:00,3MW17SEP2026.csv,400.0,400.0,0.0,400.0,400.0,0.0
2026-09-17 08:45:00,3MW17SEP2026.csv,520.0,520.0,0.0,520.0,520.0,0.0
2026-09-17 09:00:00,3MW17SEP2026.csv,620.0,620.0,0.0,620.0,620.0,0.0
2026-09-17 09:15:00,3MW17SEP2026.csv,710.0,710.0,0.0,710.0,710.0,0.0
2026-09-17 09:30:00,3MW17SEP2026.csv,740.0,740.0,0.0,740.0,740.0,0.0
2026-09-17 09:45:00,3MW17SEP2026.csv,790.0,790.0,0.0,790.0,790.0,0.0
2026-09-17 10:00:00,3MW17SEP2026.csv,920.0,920.0,0.0,920.0,920.0,0.0
2026-09-17 10:15:00,3MW17SEP2026.csv,740.0,740.0,0.0,740.0,740.0,0.0
2026-09-17 10:30:00,3MW17SEP2026.csv,630.0,630.0,0.0,630.0,630.0,0.0
2026-09-17 10:45:00,3MW17SEP2026.csv,680.0,680.0,0.0,680.0,680.0,0.0
2026-09-17 11:00:00,3MW17SEP2026.csv,700.0,700.0,0.0,700.0,700.0,0.0
2026-09-17 11:15:00,3MW17SEP2026.csv,950.0,950.0,0.0,950.0,950.0,0.0
2026-09-17 11:30:00,3MW17SEP2026.csv,1320.0,1320.0,0.0,1320.0,1320.0,0.0
2026-09-17 11:45:00,3MW17SEP2026.csv,1270.0,1270.0,0.0,1270.0,1270.0,0.0
2026-09-17 12:00:00,3MW17SEP2026.csv,1020.0,1020.0,0.0,1020.0,1020.0,0.0
2026-09-17 12:15:00,3MW17SEP2026.csv,1550.0,1550.0,0.0,1550.0,1550.0,0.0
2026-09-17 12:30:00,3MW17SEP2026.csv,1780.0,1780.0,0.0,1780.0,1780.0,0.0
2026-09-17 12:45:00,3MW17SEP2026.csv,1610.0,1610.0,0.0,1610.0,1610.0,0.0
2026-09-17 13:00:00,3MW17SEP2026.csv,1280.0,1280.0,0.0,1280.0,1280.0,0.0
2026-09-17 13:15:00,3MW17SEP2026.csv,1650.0,1650.0,0.0,1650.0,1650.0,0.0
2026-09-17 13:30:00,3MW17SEP2026.csv,1750.0,1750.0,0.0,1750.0,1750.0,0.0
2026-09-17 13:45:00,3MW17SEP2026.csv,1600.0,1600.0,0.0,1600.0,1600.0,0.0
2026-09-17 14:00:00,3MW17SEP2026.csv,1530.0,1530.0,0.0,1530.0,1530.0,0.0
2026-09-17 14:15:00,3MW17SEP2026.csv,1790.0,1790.0,0.0,1790.0,1790.0,0.0
2026-09-17 14:30:00,3MW17SEP2026.csv,1230.0,1230.0,0.0,1230.0,1230.0,0.0
2026-09-17 14:45:00,3MW17SEP2026.csv,1680.0,1680.0,0.0,1680.0,1680.0,0.0
2026-09-17 15:00:00,3MW17SEP2026.csv,1100.0,1100.0,0.0,1100.0,1100.0,0.0
2026-09-17 15:15:00,3MW17SEP2026.csv,1230.0,1230.0,0.0,1230.0,1230.0,0.0
2026-09-17 15:30:00,3MW17SEP2026.csv,1070.0,1070.0,0.0,1070.0,1070.0,0.0
2026-09-17 15:45:00,3MW17SEP2026.csv,1210.0,1210.0,0.0,1210.0,1210.0,0.0
2026-09-17 16:00:00,3MW17SEP2026.csv,870.0,870.0,0.0,870.0,870.0,0.0
2026-09-17 16:15:00,3MW17SEP2026.csv,690.0,690.0,0.0,690.0,690.0,0.0
2026-09-17 16:30:00,3MW17SEP2026.csv,740.0,740.0,0.0,740.0,740.0,0.0
2026-09-17 16:45:00,3MW17SEP2026.csv,390.0,390.0,0.0,390.0,390.0,0.0
2026-09-17 17:00:00,3MW17SEP2026.csv,170.0,170.0,0.0,170.0,170.0,0.0
2026-09-17 17:15:00,3MW17SEP2026.csv,140.0,140.0,0.0,140.0,140.0,0.0
2026-09-17 17:30:00,3MW17SEP2026.csv,80.0,80.0,0.0,80.0,80.0,0.0
2026-09-17 17:45:00,3MW17SEP2026.csv,10.0,10.0,0.0,10.0,10.0,0.0
2026-09-17 18:00:00,3MW17SEP2026.csv,0.0,0.0,0.0,0.0,0.0,0.0
2026-09-17 18:15:00,3MW17SEP2026.csv,0.0,0.0,0.0,0.0,0.0,0.0
2026-09-17 18:30:00,3MW17SEP2026.csv,0.0,0.0,0.0,0.0,0.0,0.0
2026-09-17 18:45:00,3MW17SEP2026.csv,0.0,0.0,0.0,0.0,0.0,0.0
2026-09-17 19:00:00,3MW17SEP2026.csv,0.0,0.0,0.0,0.0,0.0,0.0
2026-09-17 19:15:00,3MW17SEP2026.csv,0.0,0.0,0.0,0.0,0.0,0.0
2026-09-17 19:30:00,3MW17SEP2026.csv,0.0,0.0,0.0,0.0,0.0,0.0
2026-09-17 19:45:00,3MW17SEP2026.csv,0.0,0.0,0.0,0.0,0.0,0.0
2026-09-17 20:00:00,3MW17SEP2026.csv,0.0,0.0,0.0,0.0,0.0,0.0
2026-09-17 20:15:00,3MW17SEP2026.csv,0.0,0.0,0.0,0.0,0.0,0.0
2026-09-17 20:30:00,3MW17SEP2026.csv,0.0,0.0,0.0,0.0,0.0,0.0
2026-09-17 20:45:00,3MW17SEP2026.csv,0.0,0.0,0.0,0.0,0.0,0.0
2026-09-17 21:00:00,3MW17SEP2026.csv,0.0,0.0,0.0,0.0,0.0,0.0
2026-09-17 21:15:00,3MW17SEP2026.csv,0.0,0.0,0.0,0.0,0.0,0.0
2026-09-17 21:30:00,3MW17SEP2026.csv,0.0,0.0,0.0,0.0,0.0,0.0
2026-09-17 21:45:00,3MW17SEP2026.csv,0.0,0.0,0.0,0.0,0.0,0.0
2026-09-17 22:00:00,3MW17SEP2026.csv,0.0,0.0,0.0,0.0,0.0,0.0
2026-09-17 22:15:00,3MW17SEP2026.csv,0.0,0.0,0.0,0.0,0.0,0.0
2026-09-17 22:30:00,3MW17SEP2026.csv,0.0,0.0,0.0,0.0,0.0,0.0
2026-09-17 22:45:00,3MW17SEP2026.csv,0.0,0.0,0.0,0.0,0.0,0.0
2026-09-17 23:00:00,3MW17SEP2026.csv,0.0,0.0,0.0,0.0,0.0,0.0
2026-09-17 23:15:00,3MW17SEP2026.csv,0.0,0.0,0.0,0.0,0.0,0.0
2026-09-17 23:30:00,3MW17SEP2026.csv,0.0,0.0,0.0,0.0,0.0,0.0
2026-09-17 23:45:00,3MW17SEP2026.csv,0.0,0.0,0.0,0.0,0.0,0.0
2026-09-18 00:00:00,3MW18SEP2026.csv,0.0,0.0,0.0,0.0,0.0,0.0
2026-09-18 00:15:00,3MW18SEP2026.csv,0.0,0.0,0.0,0.0,0.0,0.0
2026-09-18 00:30:00,3MW18SEP2026.csv,0.0,0.0,0.0,0.0,0.0,0.0
2026-09-18 00:45:00,3MW18SEP2026.csv,0.0,0.0,0.0,0.0,0.0,0.0
2026-09-18 01:00:00,3MW18SEP2026.csv,0.0,0.0,0.0,0.0,0.0,0.0
2026-09-18 01:15:00,3MW18SEP2026.csv,0.0,0.0,0.0,0.0,0.0,0.0
2026-09-18 01:30:00,3MW18SEP2026.csv,0.0,0.0,0.0,0.0,0.0,0.0
2026-09-18 01:45:00,3MW18SEP2026.csv,0.0,0.0,0.0,0.0,0.0,0.0
2026-09-18 02:00:00,3MW18SEP2026.csv,0.0,0.0,0.0,0.0,0.0,0.0
2026-09-18 02:15:00,3MW18SEP2026.csv,0.0,0.0,0.0,0.0,0.0,0.0
2026-09-18 02:30:00,3MW18SEP2026.csv,0.0,0.0,0.0,0.0,0.0,0.0
2026-09-18 02:45:00,3MW18SEP2026.csv,0.0,0.0,0.0,0.0,0.0,0.0
2026-09-18 03:00:00,3MW18SEP2026.csv,0.0,0.0,0.0,0.0,0.0,0.0
2026-09-18 03:15:00,3MW18SEP2026.csv,0.0,0.0,0.0,0.0,0.0,0.0
2026-09-18 03:30:00,3MW18SEP2026.csv,0.0,0.0,0.0,0.0,0.0,0.0
2026-09-18 03:45:00,3MW18SEP2026.csv,0.0,0.0,0.0,0.0,0.0,0.0
2026-09-18 04:00:00,3MW18SEP2026.csv,0.0,0.0,0.0,0.0,0.0,0.0
2026-09-18 04:15:00,3MW18SEP2026.csv,0.0,0.0,0.0,0.0,0.0,0.0
2026-09-18 04:30:00,3MW18SEP2026.csv,0.0,0.0,0.0,0.0,0.0,0.0
2026-09-18 04:45:00,3MW18SEP2026.csv,0.0,0.0,0.0,0.0,0.0,0.0
2026-09-18 05:00:00,3MW18SEP2026.csv,0.0,0.0,0.0,0.0,0.0,0.0
2026-09-18 05:15:00,3MW18SEP2026.csv,0.0,0.0,0.0,0.0,0.0,0.0
2026-09-18 05:30:00,3MW18SEP2026.csv,0.0,0.0,0.0,0.0,0.0,0.0
2026-09-18 05:45:00,3MW18SEP2026.csv,0.0,0.0,0.0,0.0,0.0,0.0
2026-09-18 06:00:00,3MW18SEP2026.csv,0.02,0.02,0.0,0.02,0.02,0.0
2026-09-18 06:15:00,3MW18SEP2026.csv,35.6,35.6,0.0,35.6,35.6,0.0
2026-09-18 06:30:00,3MW18SEP2026.csv,63.1,63.1,0.0,63.1,63.1,0.0
2026-09-18 06:45:00,3MW18SEP2026.csv,113.0,113.0,0.0,113.0,113.0,0.0
2026-09-18 07:00:00,3MW18SEP2026.csv,184.0,184.0,0.0,184.0,184.0,0.0
2026-09-18 07:15:00,3MW18SEP2026.csv,216.0,216.0,0.0,216.0,216.0,0.0
2026-09-18 07:30:00,3MW18SEP2026.csv,184.0,184.0,0.0,184.0,184.0,0.0
2026-09-18 07:45:00,3MW18SEP2026.csv,203.0,203.0,0.0,203.0,203.0,0.0
2026-09-18 08:00:00,3MW18SEP2026.csv,186.0,186.0,0.0,186.0,186.0,0.0
2026-09-18 08:15:00,3MW18SEP2026.csv,233.0,233.0,0.0,233.0,233.0,0.0
2026-09-18 08:30:00,3MW18SEP2026.csv,232.0,232.0,0.0,232.0,232.0,0.0
2026-09-18 08:45:00,3MW18SEP2026.csv,232.0,232.0,0.0,232.0,232.0,0.0
2026-09-18 09:00:00,3MW18SEP2026.csv,232.0,232.0,0.0,232.0,232.0,0.0
2026-09-18 09:15:00,3MW18SEP2026.csv,232.0,232.0,0.0,232.0,232.0,0.0
2026-09-18 09:30:00,3MW18SEP2026.csv,232.0,232.0,0.0,232.0,232.0,0.0
2026-09-18 09:45:00,3MW18SEP2026.csv,232.0,232.0,0.0,232.0,232.0,0.0
2026-09-18 10:00:00,3MW18SEP2026.csv,232.0,232.0,0.0,232.0,232.0,0.0
2026-09-18 10:15:00,3MW18SEP2026.csv,203.0,203.0,0.0,203.0,203.0,0.0
2026-09-18 10:30:00,3MW18SEP2026.csv,186.0,186.0,0.0,186.0,186.0,0.0
2026-09-18 10:45:00,3MW18SEP2026.csv,186.0,186.0,0.0,186.0,186.0,0.0
2026-09-18 11:00:00,3MW18SEP2026.csv,184.0,184.0,0.0,184.0,184.0,0.0
2026-09-18 11:15:00,3MW18SEP2026.csv,186.0,186.0,0.0,186.0,186.0,0.0
2026-09-18 11:30:00,3MW18SEP2026.csv,186.0,186.0,0.0,186.0,186.0,0.0
2026-09-18 11:45:00,3MW18SEP2026.csv,186.0,186.0,0.0,186.0,186.0,0.0
2026-09-18 12:00:00,3MW18SEP2026.csv,186.0,186.0,0.0,186.0,186.0,0.0
2026-09-18 12:15:00,3MW18SEP2026.csv,186.0,186.0,0.0,186.0,186.0,0.0
2026-09-18 12:30:00,3MW18SEP2026.csv,186.0,186.0,0.0,186.0,186.0,0.0
2026-09-18 12:45:00,3MW18SEP2026.csv,186.0,186.0,0.0,186.0,186.0,0.0
2026-09-18 13:00:00,3MW18SEP2026.csv,186.0,186.0,0.0,186.0,186.0,0.0
2026-09-18 13:15:00,3MW18SEP2026.csv,170.0,170.0,0.0,170.0,170.0,0.0
2026-09-18 13:30:00,3MW18SEP2026.csv,203.0,203.0,0.0,203.0,203.0,0.0
2026-09-18 13:45:00,3MW18SEP2026.csv,209.0,209.0,0.0,209.0,209.0,0.0
2026-09-18 14:00:00,3MW18SEP2026.csv,209.0,209.0,0.0,209.0,209.0,0.0
2026-09-18 14:15:00,3MW18SEP2026.csv,209.0,209.0,0.0,209.0,209.0,0.0
2026-09-18 14:30:00,3MW18SEP2026.csv,209.0,209.0,0.0,209.0,209.0,0.0
2026-09-18 14:45:00,3MW18SEP2026.csv,209.0,209.0,0.0,209.0,209.0,0.0
2026-09-18 15:00:00,3MW18SEP2026.csv,209.0,209.0,0.0,209.0,209.0,0.0
2026-09-18 15:15:00,3MW18SEP2026.csv,209.0,209.0,0.0,209.0,209.0,0.0
2026-09-18 15:30:00,3MW18SEP2026.csv,209.0,209.0,0.0,209.0,209.0,0.0
2026-09-18 15:45:00,3MW18SEP2026.csv,209.0,209.0,0.0,209.0,209.0,0.0
2026-09-18 16:00:00,3MW18SEP2026.csv,209.0,209.0,0.0,209.0,209.0,0.0
2026-09-18 16:15:00,3MW18SEP2026.csv,209.0,209.0,0.0,209.0,209.0,0.0
2026-09-18 16:30:00,3MW18SEP2026.csv,209.0,209.0,0.0,209.0,209.0,0.0
2026-09-18 16:45:00,3MW18SEP2026.csv,207.0,207.0,0.0,207.0,207.0,0.0
2026-09-18 17:00:00,3MW18SEP2026.csv,209.0,209.0,0.0,209.0,209.0,0.0
2026-09-18 17:15:00,3MW18SEP2026.csv,178.0,178.0,0.0,178.0,178.0,0.0
2026-09-18 17:30:00,3MW18SEP2026.csv,151.0,151.0,0.0,151.0,151.0,0.0
2026-09-18 17:45:00,3MW18SEP2026.csv,62.3,62.3,0.0,62.3,62.3,0.0
2026-09-18 18:00:00,3MW18SEP2026.csv,5.35,5.35,0.0,5.35,5.35,0.0
2026-09-18 18:15:00,3MW18SEP2026.csv,0.0,0.0,0.0,0.0,0.0,0.0
2026-09-18 18:30:00,3MW18SEP2026.csv,0.0,0.0,0.0,0.0,0.0,0.0
2026-09-18 18:45:00,3MW18SEP2026.csv,0.0,0.0,0.0,0.0,0.0,0.0
2026-09-18 19:00:00,3MW18SEP2026.csv,0.0,0.0,0.0,0.0,0.0,0.0
2026-09-18 19:15:00,3MW18SEP2026.csv,0.0,0.0,0.0,0.0,0.0,0.0
2026-09-18 19:30:00,3MW18SEP2026.csv,0.0,0.0,0.0,0.0,0.0,0.0
2026-09-18 19:45:00,3MW18SEP2026.csv,0.0,0.0,0.0,0.0,0.0,0.0
2026-09-18 20:00:00,3MW18SEP2026.csv,0.0,0.0,0.0,0.0,0.0,0.0
2026-09-18 20:15:00,3MW18SEP2026.csv,0.0,0.0,0.0,0.0,0.0,0.0
2026-09-18 20:30:00,3MW18SEP2026.csv,0.0,0.0,0.0,0.0,0.0,0.0
2026-09-18 20:45:00,3MW18SEP2026.csv,0.0,0.0,0.0,0.0,0.0,0.0
2026-09-18 21:00:00,3MW18SEP2026.csv,0.0,0.0,0.0,0.0,0.0,0.0
2026-09-18 21:15:00,3MW18SEP2026.csv,0.0,0.0,0.0,0.0,0.0,0.0
2026-09-18 21:30:00,3MW18SEP2026.csv,0.0,0.0,0.0,0.0,0.0,0.0
2026-09-18 21:45:00,3MW18SEP2026.csv,0.0,0.0,0.0,0.0,0.0,0.0
2026-09-18 22:00:00,3MW18SEP2026.csv,0.0,0.0,0.0,0.0,0.0,0.0
2026-09-18 22:15:00,3MW18SEP2026.csv,0.0,0.0,0.0,0.0,0.0,0.0
2026-09-18 22:30:00,3MW18SEP2026.csv,0.0,0.0,0.0,0.0,0.0,0.0
2026-09-18 22:45:00,3MW18SEP2026.csv,0.0,0.0,0.0,0.0,0.0,0.0
2026-09-18 23:00:00,3MW18SEP2026.csv,0.0,0.0,0.0,0.0,0.0,0.0
2026-09-18 23:15:00,3MW18SEP2026.csv,0.0,0.0,0.0,0.0,0.0,0.0
2026-09-18 23:30:00,3MW18SEP2026.csv,0.0,0.0,0.0,0.0,0.0,0.0
2026-09-18 23:45:00,3MW18SEP2026.csv,0.0,0.0,0.0,0.0,0.0,0.0
2026-09-19 00:00:00,3MW19SEP2026.csv,0.0,0.0,0.0,0.0,0.0,0.0
2026-09-19 00:15:00,3MW19SEP2026.csv,0.0,0.0,0.0,0.0,0.0,0.0
2026-09-19 00:30:00,3MW19SEP2026.csv,0.0,0.0,0.0,0.0,0.0,0.0
2026-09-19 00:45:00,3MW19SEP2026.csv,0.0,0.0,0.0,0.0,0.0,0.0
2026-09-19 01:00:00,3MW19SEP2026.csv,0.0,0.0,0.0,0.0,0.0,0.0
2026-09-19 01:15:00,3MW19SEP2026.csv,0.0,0.0,0.0,0.0,0.0,0.0
2026-09-19 01:30:00,3MW19SEP2026.csv,0.0,0.0,0.0,0.0,0.0,0.0
2026-09-19 01:45:00,3MW19SEP2026.csv,0.0,0.0,0.0,0.0,0.0,0.0
2026-09-19 02:00:00,3MW19SEP2026.csv,0.0,0.0,0.0,0.0,0.0,0.0
2026-09-19 02:15:00,3MW19SEP2026.csv,0.0,0.0,0.0,0.0,0.0,0.0
2026-09-19 02:30:00,3MW19SEP2026.csv,0.0,0.0,0.0,0.0,0.0,0.0
2026-09-19 02:45:00,3MW19SEP2026.csv,0.0,0.0,0.0,0.0,0.0,0.0
2026-09-19 03:00:00,3MW19SEP2026.csv,0.0,0.0,0.0,0.0,0.0,0.0
2026-09-19 03:15:00,3MW19SEP2026.csv,0.0,0.0,0.0,0.0,0.0,0.0
2026-09-19 03:30:00,3MW19SEP2026.csv,0.0,0.0,0.0,0.0,0.0,0.0
2026-09-19 03:45:00,3MW19SEP2026.csv,0.0,0.0,0.0,0.0,0.0,0.0
2026-09-19 04:00:00,3MW19SEP2026.csv,0.0,0.0,0.0,0.0,0.0,0.0
2026-09-19 04:15:00,3MW19SEP2026.csv,0.0,0.0,0.0,0.0,0.0,0.0
2026-09-19 04:30:00,3MW19SEP2026.csv,0.0,0.0,0.0,0.0,0.0,0.0
2026-09-19 04:45:00,3MW19SEP2026.csv,0.0,0.0,0.0,0.0,0.0,0.0
2026-09-19 05:00:00,3MW19SEP2026.csv,0.0,0.0,0.0,0.0,0.0,0.0
2026-09-19 05:15:00,3MW19SEP2026.csv,0.0,0.0,0.0,0.0,0.0,0.0
2026-09-19 05:30:00,3MW19SEP2026.csv,0.0,0.0,0.0,0.0,0.0,0.0
2026-09-19 05:45:00,3MW19SEP2026.csv,0.0,0.0,0.0,0.0,0.0,0.0
2026-09-19 06:00:00,3MW19SEP2026.csv,0.0,0.0,0.0,0.0,0.0,0.0
2026-09-19 06:15:00,3MW19SEP2026.csv,0.0,0.0,0.0,0.0,0.0,0.0
2026-09-19 06:30:00,3MW19SEP2026.csv,0.0,0.0,0.0,0.0,0.0,0.0
2026-09-19 06:45:00,3MW19SEP2026.csv,0.0,0.0,0.0,0.0,0.0,0.0
2026-09-19 07:00:00,3MW19SEP2026.csv,20.0,20.0,0.0,20.0,20.0,0.0
2026-09-19 07:15:00,3MW19SEP2026.csv,70.0,70.0,0.0,70.0,70.0,0.0
2026-09-19 07:30:00,3MW19SEP2026.csv,160.0,160.0,0.0,160.0,160.0,0.0
2026-09-19 07:45:00,3MW19SEP2026.csv,210.0,210.0,0.0,210.0,210.0,0.0
2026-09-19 08:00:00,3MW19SEP2026.csv,120.0,120.0,0.0,120.0,120.0,0.0
2026-09-19 08:15:00,3MW19SEP2026.csv,200.0,200.0,0.0,200.0,200.0,0.0
2026-09-19 08:30:00,3MW19SEP2026.csv,790.0,790.0,0.0,790.0,790.0,0.0
2026-09-19 08:45:00,3MW19SEP2026.csv,900.0,900.0,0.0,900.0,900.0,0.0
2026-09-19 09:00:00,3MW19SEP2026.csv,320.0,320.0,0.0,320.0,320.0,0.0
2026-09-19 09:15:00,3MW19SEP2026.csv,540.0,540.0,0.0,540.0,540.0,0.0
2026-09-19 09:30:00,3MW19SEP2026.csv,700.0,700.0,0.0,700.0,700.0,0.0
2026-09-19 09:45:00,3MW19SEP2026.csv,1290.0,1290.0,0.0,1290.0,1290.0,0.0
2026-09-19 10:00:00,3MW19SEP2026.csv,1280.0,1280.0,0.0,1280.0,1280.0,0.0
2026-09-19 10:15:00,3MW19SEP2026.csv,1460.0,1460.0,0.0,1460.0,1460.0,0.0
2026-09-19 10:30:00,3MW19SEP2026.csv,1440.0,1440.0,0.0,1440.0,1440.0,0.0
2026-09-19 10:45:00,3MW19SEP2026.csv,1640.0,1640.0,0.0,1640.0,1640.0,0.0
2026-09-19 11:00:00,3MW19SEP2026.csv,1840.0,1840.0,0.0,1840.0,1840.0,0.0
2026-09-19 11:15:00,3MW19SEP2026.csv,1450.0,1450.0,0.0,1450.0,1450.0,0.0
2026-09-19 11:30:00,3MW19SEP2026.csv,1440.0,1440.0,0.0,1440.0,1440.0,0.0
2026-09-19 11:45:00,3MW19SEP2026.csv,1170.0,1170.0,0.0,1170.0,1170.0,0.0
2026-09-19 12:00:00,3MW19SEP2026.csv,1140.0,1140.0,0.0,1140.0,1140.0,0.0
2026-09-19 12:15:00,3MW19SEP2026.csv,1390.0,1390.0,0.0,1390.0,1390.0,0.0
2026-09-19 12:30:00,3MW19SEP2026.csv,780.0,780.0,0.0,780.0,780.0,0.0
2026-09-19 12:45:00,3MW19SEP2026.csv,1770.0,1770.0,0.0,1770.0,1770.0,0.0
2026-09-19 13:00:00,3MW19SEP2026.csv,1160.0,1160.0,0.0,1160.0,1160.0,0.0
2026-09-19 13:15:00,3MW19SEP2026.csv,830.0,830.0,0.0,830.0,830.0,0.0
2026-09-19 13:30:00,3MW19SEP2026.csv,250.0,250.0,0.0,250.0,250.0,0.0
2026-09-19 13:45:00,3MW19SEP2026.csv,260.0,260.0,0.0,260.0,260.0,0.0
2026-09-19 14:00:00,3MW19SEP2026.csv,1000.0,1000.0,0.0,1000.0,1000.0,0.0
2026-09-19 14:15:00,3MW19SEP2026.csv,1800.0,1800.0,0.0,1800.0,1800.0,0.0
2026-09-19 14:30:00,3MW19SEP2026.csv,1480.0,1480.0,0.0,1480.0,1480.0,0.0
2026-09-19 14:45:00,3MW19SEP2026.csv,1700.0,1700.0,0.0,1700.0,1700.0,0.0
2026-09-19 15:00:00,3MW19SEP2026.csv,1040.0,1040.0,0.0,1040.0,1040.0,0.0
2026-09-19 15:15:00,3MW19SEP2026.csv,390.0,390.0,0.0,390.0,390.0,0.0
2026-09-19 15:30:00,3MW19SEP2026.csv,240.0,240.0,0.0,240.0,240.0,0.0
2026-09-19 15:45:00,3MW19SEP2026.csv,380.0,380.0,0.0,380.0,380.0,0.0
2026-09-19 16:00:00,3MW19SEP2026.csv,490.0,490.0,0.0,490.0,490.0,0.0
2026-09-19 16:15:00,3MW19SEP2026.csv,970.0,970.0,0.0,970.0,970.0,0.0
2026-09-19 16:30:00,3MW19SEP2026.csv,610.0,610.0,0.0,610.0,610.0,0.0
2026-09-19 16:45:00,3MW19SEP2026.csv,580.0,580.0,0.0,580.0,580.0,0.0
2026-09-19 17:00:00,3MW19SEP2026.csv,670.0,670.0,0.0,670.0,670.0,0.0
2026-09-19 17:15:00,3MW19SEP2026.csv,140.0,140.0,0.0,140.0,140.0,0.0
2026-09-19 17:30:00,3MW19SEP2026.csv,100.0,100.0,0.0,100.0,100.0,0.0
2026-09-19 17:45:00,3MW19SEP2026.csv,30.0,30.0,0.0,30.0,30.0,0.0
2026-09-19 18:00:00,3MW19SEP2026.csv,10.0,10.0,0.0,10.0,10.0,0.0
2026-09-19 18:15:00,3MW19SEP2026.csv,0.0,0.0,0.0,0.0,0.0,0.0
2026-09-19 18:30:00,3MW19SEP2026.csv,0.0,0.0,0.0,0.0,0.0,0.0
2026-09-19 18:45:00,3MW19SEP2026.csv,0.0,0.0,0.0,0.0,0.0,0.0
2026-09-19 19:00:00,3MW19SEP2026.csv,0.0,0.0,0.0,0.0,0.0,0.0
2026-09-19 19:15:00,3MW19SEP2026.csv,0.0,0.0,0.0,0.0,0.0,0.0
2026-09-19 19:30:00,3MW19SEP2026.csv,0.0,0.0,0.0,0.0,0.0,0.0
2026-09-19 19:45:00,3MW19SEP2026.csv,0.0,0.0,0.0,0.0,0.0,0.0
2026-09-19 20:00:00,3MW19SEP2026.csv,0.0,0.0,0.0,0.0,0.0,0.0
2026-09-19 20:15:00,3MW19SEP2026.csv,0.0,0.0,0.0,0.0,0.0,0.0
2026-09-19 20:30:00,3MW19SEP2026.csv,0.0,0.0,0.0,0.0,0.0,0.0
2026-09-19 20:45:00,3MW19SEP2026.csv,0.0,0.0,0.0,0.0,0.0,0.0
2026-09-19 21:00:00,3MW19SEP2026.csv,0.0,0.0,0.0,0.0,0.0,0.0
2026-09-19 21:15:00,3MW19SEP2026.csv,0.0,0.0,0.0,0.0,0.0,0.0
2026-09-19 21:30:00,3MW19SEP2026.csv,0.0,0.0,0.0,0.0,0.0,0.0
2026-09-19 21:45:00,3MW19SEP2026.csv,0.0,0.0,0.0,0.0,0.0,0.0
2026-09-19 22:00:00,3MW19SEP2026.csv,0.0,0.0,0.0,0.0,0.0,0.0
2026-09-19 22:15:00,3MW19SEP2026.csv,0.0,0.0,0.0,0.0,0.0,0.0
2026-09-19 22:30:00,3MW19SEP2026.csv,0.0,0.0,0.0,0.0,0.0,0.0
2026-09-19 22:45:00,3MW19SEP2026.csv,0.0,0.0,0.0,0.0,0.0,0.0
2026-09-19 23:00:00,3MW19SEP2026.csv,0.0,0.0,0.0,0.0,0.0,0.0
2026-09-19 23:15:00,3MW19SEP2026.csv,0.0,0.0,0.0,0.0,0.0,0.0
2026-09-19 23:30:00,3MW19SEP2026.csv,0.0,0.0,0.0,0.0,0.0,0.0
2026-09-19 23:45:00,3MW19SEP2026.csv,0.0,0.0,0.0,0.0,0.0,0.0
2026-09-20 00:00:00,3MW20SEP2026.csv,0.0,0.0,0.0,0.0,0.0,0.0
2026-09-20 00:15:00,3MW20SEP2026.csv,0.0,0.0,0.0,0.0,0.0,0.0
2026-09-20 00:30:00,3MW20SEP2026.csv,0.0,0.0,0.0,0.0,0.0,0.0
2026-09-20 00:45:00,3MW20SEP2026.csv,0.0,0.0,0.0,0.0,0.0,0.0
2026-09-20 01:00:00,3MW20SEP2026.csv,0.0,0.0,0.0,0.0,0.0,0.0
2026-09-20 01:15:00,3MW20SEP2026.csv,0.0,0.0,0.0,0.0,0.0,0.0
2026-09-20 01:30:00,3MW20SEP2026.csv,0.0,0.0,0.0,0.0,0.0,0.0
2026-09-20 01:45:00,3MW20SEP2026.csv,0.0,0.0,0.0,0.0,0.0,0.0
2026-09-20 02:00:00,3MW20SEP2026.csv,0.0,0.0,0.0,0.0,0.0,0.0
2026-09-20 02:15:00,3MW20SEP2026.csv,0.0,0.0,0.0,0.0,0.0,0.0
2026-09-20 02:30:00,3MW20SEP2026.csv,0.0,0.0,0.0,0.0,0.0,0.0
2026-09-20 02:45:00,3MW20SEP2026.csv,0.0,0.0,0.0,0.0,0.0,0.0
2026-09-20 03:00:00,3MW20SEP2026.csv,0.0,0.0,0.0,0.0,0.0,0.0
2026-09-20 03:15:00,3MW20SEP2026.csv,0.0,0.0,0.0,0.0,0.0,0.0
2026-09-20 03:30:00,3MW20SEP2026.csv,0.0,0.0,0.0,0.0,0.0,0.0
2026-09-20 03:45:00,3MW20SEP2026.csv,0.0,0.0,0.0,0.0,0.0,0.0
2026-09-20 04:00:00,3MW20SEP2026.csv,0.0,0.0,0.0,0.0,0.0,0.0
2026-09-20 04:15:00,3MW20SEP2026.csv,0.0,0.0,0.0,0.0,0.0,0.0
2026-09-20 04:30:00,3MW20SEP2026.csv,0.0,0.0,0.0,0.0,0.0,0.0
2026-09-20 04:45:00,3MW20SEP2026.csv,0.0,0.0,0.0,0.0,0.0,0.0
2026-09-20 05:00:00,3MW20SEP2026.csv,0.0,0.0,0.0,0.0,0.0,0.0
2026-09-20 05:15:00,3MW20SEP2026.csv,0.0,0.0,0.0,0.0,0.0,0.0
2026-09-20 05:30:00,3MW20SEP2026.csv,0.0,0.0,0.0,0.0,0.0,0.0
2026-09-20 05:45:00,3MW20SEP2026.csv,0.0,0.0,0.0,0.0,0.0,0.0
2026-09-20 06:00:00,3MW20SEP2026.csv,0.0,0.0,0.0,0.0,0.0,0.0
2026-09-20 06:15:00,3MW20SEP2026.csv,30.0,30.0,0.0,30.0,30.0,0.0
2026-09-20 06:30:00,3MW20SEP2026.csv,80.0,80.0,0.0,80.0,80.0,0.0
2026-09-20 06:45:00,3MW20SEP2026.csv,130.0,130.0,0.0,130.0,130.0,0.0
2026-09-20 07:00:00,3MW20SEP2026.csv,180.0,180.0,0.0,180.0,180.0,0.0
2026-09-20 07:15:00,3MW20SEP2026.csv,200.0,200.0,0.0,200.0,200.0,0.0
2026-09-20 07:30:00,3MW20SEP2026.csv,240.0,240.0,0.0,240.0,240.0,0.0
2026-09-20 07:45:00,3MW20SEP2026.csv,450.0,450.0,0.0,450.0,450.0,0.0
2026-09-20 08:00:00,3MW20SEP2026.csv,440.0,440.0,0.0,440.0,440.0,0.0
2026-09-20 08:15:00,3MW20SEP2026.csv,520.0,520.0,0.0,520.0,520.0,0.0
2026-09-20 08:30:00,3MW20SEP2026.csv,540.0,540.0,0.0,540.0,540.0,0.0
2026-09-20 08:45:00,3MW20SEP2026.csv,730.0,730.0,0.0,730.0,730.0,0.0
2026-09-20 09:00:00,3MW20SEP2026.csv,920.0,920.0,0.0,920.0,920.0,0.0
2026-09-20 09:15:00,3MW20SEP2026.csv,820.0,820.0,0.0,820.0,820.0,0.0
2026-09-20 09:30:00,3MW20SEP2026.csv,1010.0,1010.0,0.0,1010.0,1010.0,0.0
2026-09-20 09:45:00,3MW20SEP2026.csv,1650.0,1650.0,0.0,1650.0,1650.0,0.0
2026-09-20 10:00:00,3MW20SEP2026.csv,1660.0,1660.0,0.0,1660.0,1660.0,0.0
2026-09-20 10:15:00,3MW20SEP2026.csv,1700.0,1700.0,0.0,1700.0,1700.0,0.0
2026-09-20 10:30:00,3MW20SEP2026.csv,1590.0,1590.0,0.0,1590.0,1590.0,0.0
2026-09-20 10:45:00,3MW20SEP2026.csv,1790.0,1790.0,0.0,1790.0,1790.0,0.0
2026-09-20 11:00:00,3MW20SEP2026.csv,1420.0,1420.0,0.0,1420.0,1420.0,0.0
2026-09-20 11:15:00,3MW20SEP2026.csv,1800.0,1800.0,0.0,1800.0,1800.0,0.0
2026-09-20 11:30:00,3MW20SEP2026.csv,1600.0,1600.0,0.0,1600.0,1600.0,0.0
2026-09-20 11:45:00,3MW20SEP2026.csv,1650.0,1650.0,0.0,1650.0,1650.0,0.0
2026-09-20 12:00:00,3MW20SEP2026.csv,1800.0,1800.0,0.0,1800.0,1800.0,0.0
2026-09-20 12:15:00,3MW20SEP2026.csv,1600.0,1600.0,0.0,1600.0,1600.0,0.0
2026-09-20 12:30:00,3MW20SEP2026.csv,1560.0,1560.0,0.0,1560.0,1560.0,0.0
2026-09-20 12:45:00,3MW20SEP2026.csv,1400.0,1400.0,0.0,1400.0,1400.0,0.0
2026-09-20 13:00:00,3MW20SEP2026.csv,1270.0,1270.0,0.0,1270.0,1270.0,0.0
2026-09-20 13:15:00,3MW20SEP2026.csv,1300.0,1300.0,0.0,1300.0,1300.0,0.0
2026-09-20 13:30:00,3MW20SEP2026.csv,940.0,940.0,0.0,940.0,940.0,0.0
2026-09-20 13:45:00,3MW20SEP2026.csv,1010.0,1010.0,0.0,1010.0,1010.0,0.0
2026-09-20 14:00:00,3MW20SEP2026.csv,870.0,870.0,0.0,870.0,870.0,0.0
2026-09-20 14:15:00,3MW20SEP2026.csv,610.0,610.0,0.0,610.0,610.0,0.0
2026-09-20 14:30:00,3MW20SEP2026.csv,370.0,370.0,0.0,370.0,370.0,0.0
2026-09-20 14:45:00,3MW20SEP2026.csv,170.0,170.0,0.0,170.0,170.0,0.0
2026-09-20 15:00:00,3MW20SEP2026.csv,80.0,80.0,0.0,80.0,80.0,0.0
2026-09-20 15:15:00,3MW20SEP2026.csv,90.0,90.0,0.0,90.0,90.0,0.0
2026-09-20 15:30:00,3MW20SEP2026.csv,90.0,90.0,0.0,90.0,90.0,0.0
2026-09-20 15:45:00,3MW20SEP2026.csv,90.0,90.0,0.0,90.0,90.0,0.0
2026-09-20 16:00:00,3MW20SEP2026.csv,100.0,100.0,0.0,100.0,100.0,0.0
2026-09-20 16:15:00,3MW20SEP2026.csv,110.0,110.0,0.0,110.0,110.0,0.0
2026-09-20 16:30:00,3MW20SEP2026.csv,110.0,110.0,0.0,110.0,110.0,0.0
2026-09-20 16:45:00,3MW20SEP2026.csv,100.0,100.0,0.0,100.0,100.0,0.0
2026-09-20 17:00:00,3MW20SEP2026.csv,90.0,90.0,0.0,90.0,90.0,0.0
2026-09-20 17:15:00,3MW20SEP2026.csv,60.0,60.0,0.0,60.0,60.0,0.0
2026-09-20 17:30:00,3MW20SEP2026.csv,40.0,40.0,0.0,40.0,40.0,0.0
2026-09-20 17:45:00,3MW20SEP2026.csv,20.0,20.0,0.0,20.0,20.0,0.0
2026-09-20 18:00:00,3MW20SEP2026.csv,0.0,0.0,0.0,0.0,0.0,0.0
2026-09-20 18:15:00,3MW20SEP2026.csv,0.0,0.0,0.0,0.0,0.0,0.0
2026-09-20 18:30:00,3MW20SEP2026.csv,0.0,0.0,0.0,0.0,0.0,0.0
2026-09-20 18:45:00,3MW20SEP2026.csv,0.0,0.0,0.0,0.0,0.0,0.0
2026-09-20 19:00:00,3MW20SEP2026.csv,0.0,0.0,0.0,0.0,0.0,0.0
2026-09-20 19:15:00,3MW20SEP2026.csv,0.0,0.0,0.0,0.0,0.0,0.0
2026-09-20 19:30:00,3MW20SEP2026.csv,0.0,0.0,0.0,0.0,0.0,0.0
2026-09-20 19:45:00,3MW20SEP2026.csv,0.0,0.0,0.0,0.0,0.0,0.0
2026-09-20 20:00:00,3MW20SEP2026.csv,0.0,0.0,0.0,0.0,0.0,0.0
2026-09-20 20:15:00,3MW20SEP2026.csv,0.0,0.0,0.0,0.0,0.0,0.0
2026-09-20 20:30:00,3MW20SEP2026.csv,0.0,0.0,0.0,0.0,0.0,0.0
2026-09-20 20:45:00,3MW20SEP2026.csv,0.0,0.0,0.0,0.0,0.0,0.0
2026-09-20 21:00:00,3MW20SEP2026.csv,0.0,0.0,0.0,0.0,0.0,0.0
2026-09-20 21:15:00,3MW20SEP2026.csv,0.0,0.0,0.0,0.0,0.0,0.0
2026-09-20 21:30:00,3MW20SEP2026.csv,0.0,0.0,0.0,0.0,0.0,0.0
2026-09-20 21:45:00,3MW20SEP2026.csv,0.0,0.0,0.0,0.0,0.0,0.0
2026-09-20 22:00:00,3MW20SEP2026.csv,0.0,0.0,0.0,0.0,0.0,0.0
2026-09-20 22:15:00,3MW20SEP2026.csv,0.0,0.0,0.0,0.0,0.0,0.0
2026-09-20 22:30:00,3MW20SEP2026.csv,0.0,0.0,0.0,0.0,0.0,0.0
2026-09-20 22:45:00,3MW20SEP2026.csv,0.0,0.0,0.0,0.0,0.0,0.0
2026-09-20 23:00:00,3MW20SEP2026.csv,0.0,0.0,0.0,0.0,0.0,0.0
2026-09-20 23:15:00,3MW20SEP2026.csv,0.0,0.0,0.0,0.0,0.0,0.0
2026-09-20 23:30:00,3MW20SEP2026.csv,0.0,0.0,0.0,0.0,0.0,0.0
2026-09-20 23:45:00,3MW20SEP2026.csv,0.0,0.0,0.0,0.0,0.0,0.0
2026-09-21 00:00:00,3MW21SEP2026.csv,0.0,0.0,0.0,0.0,0.0,0.0
2026-09-21 00:15:00,3MW21SEP2026.csv,0.0,0.0,0.0,0.0,0.0,0.0
2026-09-21 00:30:00,3MW21SEP2026.csv,0.0,0.0,0.0,0.0,0.0,0.0
2026-09-21 00:45:00,3MW21SEP2026.csv,0.0,0.0,0.0,0.0,0.0,0.0
2026-09-21 01:00:00,3MW21SEP2026.csv,0.0,0.0,0.0,0.0,0.0,0.0
2026-09-21 01:15:00,3MW21SEP2026.csv,0.0,0.0,0.0,0.0,0.0,0.0
2026-09-21 01:30:00,3MW21SEP2026.csv,0.0,0.0,0.0,0.0,0.0,0.0
2026-09-21 01:45:00,3MW21SEP2026.csv,0.0,0.0,0.0,0.0,0.0,0.0
2026-09-21 02:00:00,3MW21SEP2026.csv,0.0,0.0,0.0,0.0,0.0,0.0
2026-09-21 02:15:00,3MW21SEP2026.csv,0.0,0.0,0.0,0.0,0.0,0.0
2026-09-21 02:30:00,3MW21SEP2026.csv,0.0,0.0,0.0,0.0,0.0,0.0
2026-09-21 02:45:00,3MW21SEP2026.csv,0.0,0.0,0.0,0.0,0.0,0.0
2026-09-21 03:00:00,3MW21SEP2026.csv,0.0,0.0,0.0,0.0,0.0,0.0
2026-09-21 03:15:00,3MW21SEP2026.csv,0.0,0.0,0.0,0.0,0.0,0.0
2026-09-21 03:30:00,3MW21SEP2026.csv,0.0,0.0,0.0,0.0,0.0,0.0
2026-09-21 03:45:00,3MW21SEP2026.csv,0.0,0.0,0.0,0.0,0.0,0.0
2026-09-21 04:00:00,3MW21SEP2026.csv,0.0,0.0,0.0,0.0,0.0,0.0
2026-09-21 04:15:00,3MW21SEP2026.csv,0.0,0.0,0.0,0.0,0.0,0.0
2026-09-21 04:30:00,3MW21SEP2026.csv,0.0,0.0,0.0,0.0,0.0,0.0
2026-09-21 04:45:00,3MW21SEP2026.csv,0.0,0.0,0.0,0.0,0.0,0.0
2026-09-21 05:00:00,3MW21SEP2026.csv,0.0,0.0,0.0,0.0,0.0,0.0
2026-09-21 05:15:00,3MW21SEP2026.csv,0.0,0.0,0.0,0.0,0.0,0.0
2026-09-21 05:30:00,3MW21SEP2026.csv,0.0,0.0,0.0,0.0,0.0,0.0
2026-09-21 05:45:00,3MW21SEP2026.csv,0.0,0.0,0.0,0.0,0.0,0.0
2026-09-21 06:00:00,3MW21SEP2026.csv,0.0,0.0,0.0,0.0,0.0,0.0
2026-09-21 06:15:00,3MW21SEP2026.csv,0.0,0.0,0.0,0.0,0.0,0.0
2026-09-21 06:30:00,3MW21SEP2026.csv,20.0,20.0,0.0,20.0,20.0,0.0
2026-09-21 06:45:00,3MW21SEP2026.csv,50.0,50.0,0.0,50.0,50.0,0.0
2026-09-21 07:00:00,3MW21SEP2026.csv,110.0,110.0,0.0,110.0,110.0,0.0
2026-09-21 07:15:00,3MW21SEP2026.csv,170.0,170.0,0.0,170.0,170.0,0.0
2026-09-21 07:30:00,3MW21SEP2026.csv,230.0,230.0,0.0,230.0,230.0,0.0
2026-09-21 07:45:00,3MW21SEP2026.csv,250.0,250.0,0.0,250.0,250.0,0.0
2026-09-21 08:00:00,3MW21SEP2026.csv,320.0,320.0,0.0,320.0,320.0,0.0
2026-09-21 08:15:00,3MW21SEP2026.csv,440.0,440.0,0.0,440.0,440.0,0.0
2026-09-21 08:30:00,3MW21SEP2026.csv,530.0,530.0,0.0,530.0,530.0,0.0
2026-09-21 08:45:00,3MW21SEP2026.csv,650.0,650.0,0.0,650.0,650.0,0.0
2026-09-21 09:00:00,3MW21SEP2026.csv,700.0,700.0,0.0,700.0,700.0,0.0
2026-09-21 09:15:00,3MW21SEP2026.csv,820.0,820.0,0.0,820.0,820.0,0.0
2026-09-21 09:30:00,3MW21SEP2026.csv,560.0,560.0,0.0,560.0,560.0,0.0
2026-09-21 09:45:00,3MW21SEP2026.csv,530.0,530.0,0.0,530.0,530.0,0.0
2026-09-21 10:00:00,3MW21SEP2026.csv,640.0,640.0,0.0,640.0,640.0,0.0
2026-09-21 10:15:00,3MW21SEP2026.csv,750.0,750.0,0.0,750.0,750.0,0.0
2026-09-21 10:30:00,3MW21SEP2026.csv,680.0,680.0,0.0,680.0,680.0,0.0
2026-09-21 10:45:00,3MW21SEP2026.csv,800.0,800.0,0.0,800.0,800.0,0.0
2026-09-21 11:00:00,3MW21SEP2026.csv,780.0,780.0,0.0,780.0,780.0,0.0
2026-09-21 11:15:00,3MW21SEP2026.csv,750.0,750.0,0.0,750.0,750.0,0.0
2026-09-21 11:30:00,3MW21SEP2026.csv,900.0,900.0,0.0,900.0,900.0,0.0
2026-09-21 11:45:00,3MW21SEP2026.csv,1230.0,1230.0,0.0,1230.0,1230.0,0.0
2026-09-21 12:00:00,3MW21SEP2026.csv,1270.0,1270.0,0.0,1270.0,1270.0,0.0
2026-09-21 12:15:00,3MW21SEP2026.csv,1190.0,1190.0,0.0,1190.0,1190.0,0.0
2026-09-21 12:30:00,3MW21SEP2026.csv,1110.0,1110.0,0.0,1110.0,1110.0,0.0
2026-09-21 12:45:00,3MW21SEP2026.csv,1240.0,1240.0,0.0,1240.0,1240.0,0.0
2026-09-21 13:00:00,3MW21SEP2026.csv,1180.0,1180.0,0.0,1180.0,1180.0,0.0
2026-09-21 13:15:00,3MW21SEP2026.csv,940.0,940.0,0.0,940.0,940.0,0.0
2026-09-21 13:30:00,3MW21SEP2026.csv,1290.0,1290.0,0.0,1290.0,1290.0,0.0
2026-09-21 13:45:00,3MW21SEP2026.csv,1130.0,1130.0,0.0,1130.0,1130.0,0.0
2026-09-21 14:00:00,3MW21SEP2026.csv,1360.0,1360.0,0.0,1360.0,1360.0,0.0
2026-09-21 14:15:00,3MW21SEP2026.csv,990.0,990.0,0.0,990.0,990.0,0.0
2026-09-21 14:30:00,3MW21SEP2026.csv,540.0,540.0,0.0,540.0,540.0,0.0
2026-09-21 14:45:00,3MW21SEP2026.csv,410.0,410.0,0.0,410.0,410.0,0.0
2026-09-21 15:00:00,3MW21SEP2026.csv,390.0,390.0,0.0,390.0,390.0,0.0
2026-09-21 15:15:00,3MW21SEP2026.csv,390.0,390.0,0.0,390.0,390.0,0.0
2026-09-21 15:30:00,3MW21SEP2026.csv,330.0,330.0,0.0,330.0,330.0,0.0
2026-09-21 15:45:00,3MW21SEP2026.csv,240.0,240.0,0.0,240.0,240.0,0.0
2026-09-21 16:00:00,3MW21SEP2026.csv,210.0,210.0,0.0,210.0,210.0,0.0
2026-09-21 16:15:00,3MW21SEP2026.csv,200.0,200.0,0.0,200.0,200.0,0.0
2026-09-21 16:30:00,3MW21SEP2026.csv,190.0,190.0,0.0,190.0,190.0,0.0
2026-09-21 16:45:00,3MW21SEP2026.csv,170.0,170.0,0.0,170.0,170.0,0.0
2026-09-21 17:00:00,3MW21SEP2026.csv,170.0,170.0,0.0,170.0,170.0,0.0
2026-09-21 17:15:00,3MW21SEP2026.csv,190.0,190.0,0.0,190.0,190.0,0.0
2026-09-21 17:30:00,3MW21SEP2026.csv,240.0,240.0,0.0,240.0,240.0,0.0
2026-09-21 17:45:00,3MW21SEP2026.csv,140.0,140.0,0.0,140.0,140.0,0.0
2026-09-21 18:00:00,3MW21SEP2026.csv,60.0,60.0,0.0,60.0,60.0,0.0
2026-09-21 18:15:00,3MW21SEP2026.csv,0.0,0.0,0.0,0.0,0.0,0.0
2026-09-21 18:30:00,3MW21SEP2026.csv,0.0,0.0,0.0,0.0,0.0,0.0
2026-09-21 18:45:00,3MW21SEP2026.csv,0.0,0.0,0.0,0.0,0.0,0.0
2026-09-21 19:00:00,3MW21SEP2026.csv,0.0,0.0,0.0,0.0,0.0,0.0
2026-09-21 19:15:00,3MW21SEP2026.csv,0.0,0.0,0.0,0.0,0.0,0.0
2026-09-21 19:30:00,3MW21SEP2026.csv,0.0,0.0,0.0,0.0,0.0,0.0
2026-09-21 19:45:00,3MW21SEP2026.csv,0.0,0.0,0.0,0.0,0.0,0.0
2026-09-21 20:00:00,3MW21SEP2026.csv,0.0,0.0,0.0,0.0,0.0,0.0
2026-09-21 20:15:00,3MW21SEP2026.csv,0.0,0.0,0.0,0.0,0.0,0.0
2026-09-21 20:30:00,3MW21SEP2026.csv,0.0,0.0,0.0,0.0,0.0,0.0
2026-09-21 20:45:00,3MW21SEP2026.csv,0.0,0.0,0.0,0.0,0.0,0.0
2026-09-21 21:00:00,3MW21SEP2026.csv,0.0,0.0,0.0,0.0,0.0,0.0
2026-09-21 21:15:00,3MW21SEP2026.csv,0.0,0.0,0.0,0.0,0.0,0.0
2026-09-21 21:30:00,3MW21SEP2026.csv,0.0,0.0,0.0,0.0,0.0,0.0
2026-09-21 21:45:00,3MW21SEP2026.csv,0.0,0.0,0.0,0.0,0.0,0.0
2026-09-21 22:00:00,3MW21SEP2026.csv,0.0,0.0,0.0,0.0,0.0,0.0
2026-09-21 22:15:00,3MW21SEP2026.csv,0.0,0.0,0.0,0.0,0.0,0.0
2026-09-21 22:30:00,3MW21SEP2026.csv,0.0,0.0,0.0,0.0,0.0,0.0
2026-09-21 22:45:00,3MW21SEP2026.csv,0.0,0.0,0.0,0.0,0.0,0.0
2026-09-21 23:00:00,3MW21SEP2026.csv,0.0,0.0,0.0,0.0,0.0,0.0
2026-09-21 23:15:00,3MW21SEP2026.csv,0.0,0.0,0.0,0.0,0.0,0.0
2026-09-21 23:30:00,3MW21SEP2026.csv,0.0,0.0,0.0,0.0,0.0,0.0
2026-09-21 23:45:00,3MW21SEP2026.csv,0.0,0.0,0.0,0.0,0.0,0.0
2026-09-22 00:00:00,3MW22SEP2026.csv,0.0,0.0,0.0,0.0,0.0,0.0
2026-09-22 00:15:00,3MW22SEP2026.csv,0.0,0.0,0.0,0.0,0.0,0.0
2026-09-22 00:30:00,3MW22SEP2026.csv,0.0,0.0,0.0,0.0,0.0,0.0
2026-09-22 00:45:00,3MW22SEP2026.csv,0.0,0.0,0.0,0.0,0.0,0.0
2026-09-22 01:00:00,3MW22SEP2026.csv,0.0,0.0,0.0,0.0,0.0,0.0
2026-09-22 01:15:00,3MW22SEP2026.csv,0.0,0.0,0.0,0.0,0.0,0.0
2026-09-22 01:30:00,3MW22SEP2026.csv,0.0,0.0,0.0,0.0,0.0,0.0
2026-09-22 01:45:00,3MW22SEP2026.csv,0.0,0.0,0.0,0.0,0.0,0.0
2026-09-22 02:00:00,3MW22SEP2026.csv,0.0,0.0,0.0,0.0,0.0,0.0
2026-09-22 02:15:00,3MW22SEP2026.csv,0.0,0.0,0.0,0.0,0.0,0.0
2026-09-22 02:30:00,3MW22SEP2026.csv,0.0,0.0,0.0,0.0,0.0,0.0
2026-09-22 02:45:00,3MW22SEP2026.csv,0.0,0.0,0.0,0.0,0.0,0.0
2026-09-22 03:00:00,3MW22SEP2026.csv,0.0,0.0,0.0,0.0,0.0,0.0
2026-09-22 03:15:00,3MW22SEP2026.csv,0.0,0.0,0.0,0.0,0.0,0.0
2026-09-22 03:30:00,3MW22SEP2026.csv,0.0,0.0,0.0,0.0,0.0,0.0
2026-09-22 03:45:00,3MW22SEP2026.csv,0.0,0.0,0.0,0.0,0.0,0.0
2026-09-22 04:00:00,3MW22SEP2026.csv,0.0,0.0,0.0,0.0,0.0,0.0
2026-09-22 04:15:00,3MW22SEP2026.csv,0.0,0.0,0.0,0.0,0.0,0.0
2026-09-22 04:30:00,3MW22SEP2026.csv,0.0,0.0,0.0,0.0,0.0,0.0
2026-09-22 04:45:00,3MW22SEP2026.csv,0.0,0.0,0.0,0.0,0.0,0.0
2026-09-22 05:00:00,3MW22SEP2026.csv,0.0,0.0,0.0,0.0,0.0,0.0
2026-09-22 05:15:00,3MW22SEP2026.csv,0.0,0.0,0.0,0.0,0.0,0.0
2026-09-22 05:30:00,3MW22SEP2026.csv,0.0,0.0,0.0,0.0,0.0,0.0
2026-09-22 05:45:00,3MW22SEP2026.csv,0.0,0.0,0.0,0.0,0.0,0.0
2026-09-22 06:00:00,3MW22SEP2026.csv,0.0,0.0,0.0,0.0,0.0,0.0
2026-09-22 06:15:00,3MW22SEP2026.csv,30.0,30.0,0.0,30.0,30.0,0.0
2026-09-22 06:30:00,3MW22SEP2026.csv,70.0,70.0,0.0,70.0,70.0,0.0
2026-09-22 06:45:00,3MW22SEP2026.csv,120.0,120.0,0.0,120.0,120.0,0.0
2026-09-22 07:00:00,3MW22SEP2026.csv,190.0,190.0,0.0,190.0,190.0,0.0
2026-09-22 07:15:00,3MW22SEP2026.csv,290.0,290.0,0.0,290.0,290.0,0.0
2026-09-22 07:30:00,3MW22SEP2026.csv,420.0,420.0,0.0,420.0,420.0,0.0
2026-09-22 07:45:00,3MW22SEP2026.csv,600.0,600.0,0.0,600.0,600.0,0.0
2026-09-22 08:00:00,3MW22SEP2026.csv,790.0,790.0,0.0,790.0,790.0,0.0
2026-09-22 08:15:00,3MW22SEP2026.csv,780.0,780.0,0.0,780.0,780.0,0.0
2026-09-22 08:30:00,3MW22SEP2026.csv,1110.0,1110.0,0.0,1110.0,1110.0,0.0
2026-09-22 08:45:00,3MW22SEP2026.csv,1240.0,1240.0,0.0,1240.0,1240.0,0.0
2026-09-22 09:00:00,3MW22SEP2026.csv,1340.0,1340.0,0.0,1340.0,1340.0,0.0
2026-09-22 09:15:00,3MW22SEP2026.csv,1180.0,1180.0,0.0,1180.0,1180.0,0.0
2026-09-22 09:30:00,3MW22SEP2026.csv,1150.0,1150.0,0.0,1150.0,1150.0,0.0
2026-09-22 09:45:00,3MW22SEP2026.csv,1540.0,1540.0,0.0,1540.0,1540.0,0.0
2026-09-22 10:00:00,3MW22SEP2026.csv,1130.0,1130.0,0.0,1130.0,1130.0,0.0
2026-09-22 10:15:00,3MW22SEP2026.csv,1710.0,1710.0,0.0,1710.0,1710.0,0.0
2026-09-22 10:30:00,3MW22SEP2026.csv,1830.0,1830.0,0.0,1830.0,1830.0,0.0
2026-09-22 10:45:00,3MW22SEP2026.csv,1260.0,1260.0,0.0,1260.0,1260.0,0.0
2026-09-22 11:00:00,3MW22SEP2026.csv,1400.0,1400.0,0.0,1400.0,1400.0,0.0
2026-09-22 11:15:00,3MW22SEP2026.csv,1440.0,1440.0,0.0,1440.0,1440.0,0.0
2026-09-22 11:30:00,3MW22SEP2026.csv,1740.0,1740.0,0.0,1740.0,1740.0,0.0
2026-09-22 11:45:00,3MW22SEP2026.csv,1880.0,1880.0,0.0,1880.0,1880.0,0.0
2026-09-22 12:00:00,3MW22SEP2026.csv,1750.0,1750.0,0.0,1750.0,1750.0,0.0
2026-09-22 12:15:00,3MW22SEP2026.csv,1090.0,1090.0,0.0,1090.0,1090.0,0.0
2026-09-22 12:30:00,3MW22SEP2026.csv,1580.0,1580.0,0.0,1580.0,1580.0,0.0
2026-09-22 12:45:00,3MW22SEP2026.csv,1450.0,1450.0,0.0,1450.0,1450.0,0.0
2026-09-22 13:00:00,3MW22SEP2026.csv,1830.0,1830.0,0.0,1830.0,1830.0,0.0
2026-09-22 13:15:00,3MW22SEP2026.csv,670.0,670.0,0.0,670.0,670.0,0.0
2026-09-22 13:30:00,3MW22SEP2026.csv,1450.0,1450.0,0.0,1450.0,1450.0,0.0
2026-09-22 13:45:00,3MW22SEP2026.csv,1640.0,1640.0,0.0,1640.0,1640.0,0.0
2026-09-22 14:00:00,3MW22SEP2026.csv,1750.0,1750.0,0.0,1750.0,1750.0,0.0
2026-09-22 14:15:00,3MW22SEP2026.csv,1600.0,1600.0,0.0,1600.0,1600.0,0.0
2026-09-22 14:30:00,3MW22SEP2026.csv,1010.0,1010.0,0.0,1010.0,1010.0,0.0
2026-09-22 14:45:00,3MW22SEP2026.csv,1190.0,1190.0,0.0,1190.0,1190.0,0.0
2026-09-22 15:00:00,3MW22SEP2026.csv,1590.0,1590.0,0.0,1590.0,1590.0,0.0
2026-09-22 15:15:00,3MW22SEP2026.csv,1180.0,1180.0,0.0,1180.0,1180.0,0.0
2026-09-22 15:30:00,3MW22SEP2026.csv,1330.0,1330.0,0.0,1330.0,1330.0,0.0
2026-09-22 15:45:00,3MW22SEP2026.csv,1240.0,1240.0,0.0,1240.0,1240.0,0.0
2026-09-22 16:00:00,3MW22SEP2026.csv,1270.0,1270.0,0.0,1270.0,1270.0,0.0
2026-09-22 16:15:00,3MW22SEP2026.csv,710.0,710.0,0.0,710.0,710.0,0.0
2026-09-22 16:30:00,3MW22SEP2026.csv,560.0,560.0,0.0,560.0,560.0,0.0
2026-09-22 16:45:00,3MW22SEP2026.csv,630.0,630.0,0.0,630.0,630.0,0.0
2026-09-22 17:00:00,3MW22SEP2026.csv,480.0,480.0,0.0,480.0,480.0,0.0
2026-09-22 17:15:00,3MW22SEP2026.csv,320.0,320.0,0.0,320.0,320.0,0.0
2026-09-22 17:30:00,3MW22SEP2026.csv,150.0,150.0,0.0,150.0,150.0,0.0
2026-09-22 17:45:00,3MW22SEP2026.csv,50.0,50.0,0.0,50.0,50.0,0.0
2026-09-22 18:00:00,3MW22SEP2026.csv,0.0,0.0,0.0,0.0,0.0,0.0
2026-09-22 18:15:00,3MW22SEP2026.csv,0.0,0.0,0.0,0.0,0.0,0.0
2026-09-22 18:30:00,3MW22SEP2026.csv,0.0,0.0,0.0,0.0,0.0,0.0
2026-09-22 18:45:00,3MW22SEP2026.csv,0.0,0.0,0.0,0.0,0.0,0.0
2026-09-22 19:00:00,3MW22SEP2026.csv,0.0,0.0,0.0,0.0,0.0,0.0
2026-09-22 19:15:00,3MW22SEP2026.csv,0.0,0.0,0.0,0.0,0.0,0.0
2026-09-22 19:30:00,3MW22SEP2026.csv,0.0,0.0,0.0,0.0,0.0,0.0
2026-09-22 19:45:00,3MW22SEP2026.csv,0.0,0.0,0.0,0.0,0.0,0.0
2026-09-22 20:00:00,3MW22SEP2026.csv,0.0,0.0,0.0,0.0,0.0,0.0
2026-09-22 20:15:00,3MW22SEP2026.csv,0.0,0.0,0.0,0.0,0.0,0.0
2026-09-22 20:30:00,3MW22SEP2026.csv,0.0,0.0,0.0,0.0,0.0,0.0
2026-09-22 20:45:00,3MW22SEP2026.csv,0.0,0.0,0.0,0.0,0.0,0.0
2026-09-22 21:00:00,3MW22SEP2026.csv,0.0,0.0,0.0,0.0,0.0,0.0
2026-09-22 21:15:00,3MW22SEP2026.csv,0.0,0.0,0.0,0.0,0.0,0.0
2026-09-22 21:30:00,3MW22SEP2026.csv,0.0,0.0,0.0,0.0,0.0,0.0
2026-09-22 21:45:00,3MW22SEP2026.csv,0.0,0.0,0.0,0.0,0.0,0.0
2026-09-22 22:00:00,3MW22SEP2026.csv,0.0,0.0,0.0,0.0,0.0,0.0
2026-09-22 22:15:00,3MW22SEP2026.csv,0.0,0.0,0.0,0.0,0.0,0.0
2026-09-22 22:30:00,3MW22SEP2026.csv,0.0,0.0,0.0,0.0,0.0,0.0
2026-09-22 22:45:00,3MW22SEP2026.csv,0.0,0.0,0.0,0.0,0.0,0.0
2026-09-22 23:00:00,3MW22SEP2026.csv,0.0,0.0,0.0,0.0,0.0,0.0
2026-09-22 23:15:00,3MW22SEP2026.csv,0.0,0.0,0.0,0.0,0.0,0.0
2026-09-22 23:30:00,3MW22SEP2026.csv,0.0,0.0,0.0,0.0,0.0,0.0
2026-09-22 23:45:00,3MW22SEP2026.csv,0.0,0.0,0.0,0.0,0.0,0.0
2026-09-23 00:00:00,3MW23SEP2026.csv,0.0,0.0,0.0,0.0,0.0,0.0
2026-09-23 00:15:00,3MW23SEP2026.csv,0.0,0.0,0.0,0.0,0.0,0.0
2026-09-23 00:30:00,3MW23SEP2026.csv,0.0,0.0,0.0,0.0,0.0,0.0
2026-09-23 00:45:00,3MW23SEP2026.csv,0.0,0.0,0.0,0.0,0.0,0.0
2026-09-23 01:00:00,3MW23SEP2026.csv,0.0,0.0,0.0,0.0,0.0,0.0
2026-09-23 01:15:00,3MW23SEP2026.csv,0.0,0.0,0.0,0.0,0.0,0.0
2026-09-23 01:30:00,3MW23SEP2026.csv,0.0,0.0,0.0,0.0,0.0,0.0
2026-09-23 01:45:00,3MW23SEP2026.csv,0.0,0.0,0.0,0.0,0.0,0.0
2026-09-23 02:00:00,3MW23SEP2026.csv,0.0,0.0,0.0,0.0,0.0,0.0
2026-09-23 02:15:00,3MW23SEP2026.csv,0.0,0.0,0.0,0.0,0.0,0.0
2026-09-23 02:30:00,3MW23SEP2026.csv,0.0,0.0,0.0,0.0,0.0,0.0
2026-09-23 02:45:00,3MW23SEP2026.csv,0.0,0.0,0.0,0.0,0.0,0.0
2026-09-23 03:00:00,3MW23SEP2026.csv,0.0,0.0,0.0,0.0,0.0,0.0
2026-09-23 03:15:00,3MW23SEP2026.csv,0.0,0.0,0.0,0.0,0.0,0.0
2026-09-23 03:30:00,3MW23SEP2026.csv,0.0,0.0,0.0,0.0,0.0,0.0
2026-09-23 03:45:00,3MW23SEP2026.csv,0.0,0.0,0.0,0.0,0.0,0.0
2026-09-23 04:00:00,3MW23SEP2026.csv,0.0,0.0,0.0,0.0,0.0,0.0
2026-09-23 04:15:00,3MW23SEP2026.csv,0.0,0.0,0.0,0.0,0.0,0.0
2026-09-23 04:30:00,3MW23SEP2026.csv,0.0,0.0,0.0,0.0,0.0,0.0
2026-09-23 04:45:00,3MW23SEP2026.csv,0.0,0.0,0.0,0.0,0.0,0.0
2026-09-23 05:00:00,3MW23SEP2026.csv,0.0,0.0,0.0,0.0,0.0,0.0
2026-09-23 05:15:00,3MW23SEP2026.csv,0.0,0.0,0.0,0.0,0.0,0.0
2026-09-23 05:30:00,3MW23SEP2026.csv,0.0,0.0,0.0,0.0,0.0,0.0
2026-09-23 05:45:00,3MW23SEP2026.csv,0.0,0.0,0.0,0.0,0.0,0.0
2026-09-23 06:00:00,3MW23SEP2026.csv,0.0,0.0,0.0,0.0,0.0,0.0
2026-09-23 06:15:00,3MW23SEP2026.csv,30.0,30.0,0.0,30.0,30.0,0.0
2026-09-23 06:30:00,3MW23SEP2026.csv,50.0,50.0,0.0,50.0,50.0,0.0
2026-09-23 06:45:00,3MW23SEP2026.csv,100.0,100.0,0.0,100.0,100.0,0.0
2026-09-23 07:00:00,3MW23SEP2026.csv,210.0,210.0,0.0,210.0,210.0,0.0
2026-09-23 07:15:00,3MW23SEP2026.csv,290.0,290.0,0.0,290.0,290.0,0.0
2026-09-23 07:30:00,3MW23SEP2026.csv,460.0,460.0,0.0,460.0,460.0,0.0
2026-09-23 07:45:00,3MW23SEP2026.csv,410.0,410.0,0.0,410.0,410.0,0.0
2026-09-23 08:00:00,3MW23SEP2026.csv,530.0,530.0,0.0,530.0,530.0,0.0
2026-09-23 08:15:00,3MW23SEP2026.csv,550.0,550.0,0.0,550.0,550.0,0.0
2026-09-23 08:30:00,3MW23SEP2026.csv,710.0,710.0,0.0,1870.0,710.0,1170.0
2026-09-23 08:45:00,3MW23SEP2026.csv,1140.0,1140.0,0.0,1830.0,1140.0,690.0
2026-09-23 09:00:00,3MW23SEP2026.csv,1280.0,1280.0,0.0,1820.0,1280.0,540.0
2026-09-23 09:15:00,3MW23SEP2026.csv,1320.0,1320.0,0.0,1790.0,1320.0,470.0
2026-09-23 09:30:00,3MW23SEP2026.csv,1440.0,1440.0,0.0,1850.0,1440.0,410.0
2026-09-23 09:45:00,3MW23SEP2026.csv,1510.0,1510.0,0.0,1840.0,1510.0,330.0
2026-09-23 10:00:00,3MW23SEP2026.csv,1320.0,1320.0,0.0,1870.0,1320.0,550.0
2026-09-23 10:15:00,3MW23SEP2026.csv,1760.0,1760.0,0.0,1860.0,1760.0,100.0
2026-09-23 10:30:00,3MW23SEP2026.csv,1200.0,1200.0,0.0,1820.0,1200.0,620.0
2026-09-23 10:45:00,3MW23SEP2026.csv,560.0,560.0,0.0,1840.0,560.0,1270.0
2026-09-23 11:00:00,3MW23SEP2026.csv,820.0,820.0,0.0,1730.0,820.0,910.0
2026-09-23 11:15:00,3MW23SEP2026.csv,1060.0,1060.0,0.0,1800.0,1060.0,740.0
2026-09-23 11:30:00,3MW23SEP2026.csv,1570.0,1570.0,0.0,1940.0,1570.0,370.0
2026-09-23 11:45:00,3MW23SEP2026.csv,1830.0,1830.0,0.0,1940.0,1830.0,110.0
2026-09-23 12:00:00,3MW23SEP2026.csv,1380.0,1380.0,0.0,1960.0,1380.0,580.0
2026-09-23 12:15:00,3MW23SEP2026.csv,980.0,980.0,0.0,1840.0,980.0,850.0
2026-09-23 12:30:00,3MW23SEP2026.csv,1310.0,1310.0,0.0,1620.0,1310.0,310.0
2026-09-23 12:45:00,3MW23SEP2026.csv,770.0,770.0,0.0,1290.0,770.0,520.0
2026-09-23 13:00:00,3MW23SEP2026.csv,1360.0,1360.0,0.0,1500.0,1360.0,140.0
2026-09-23 13:15:00,3MW23SEP2026.csv,1690.0,1680.0,10.0,1700.0,1680.0,20.0
2026-09-23 13:30:00,3MW23SEP2026.csv,1750.0,1740.0,20.0,1860.0,1740.0,120.0
2026-09-23 13:45:00,3MW23SEP2026.csv,1810.0,1810.0,0.0,1830.0,1810.0,20.0
2026-09-23 14:00:00,3MW23SEP2026.csv,280.0,280.0,0.0,1850.0,280.0,1570.0
2026-09-23 14:15:00,3MW23SEP2026.csv,1000.0,1000.0,0.0,1720.0,1000.0,720.0
2026-09-23 14:30:00,3MW23SEP2026.csv,1810.0,1810.0,0.0,1880.0,1810.0,70.0
2026-09-23 14:45:00,3MW23SEP2026.csv,1540.0,1530.0,10.0,1840.0,1530.0,310.0
2026-09-23 15:00:00,3MW23SEP2026.csv,860.0,860.0,0.0,1570.0,860.0,720.0
2026-09-23 15:15:00,3MW23SEP2026.csv,1560.0,1560.0,0.0,1750.0,1560.0,190.0
2026-09-23 15:30:00,3MW23SEP2026.csv,1040.0,1040.0,0.0,1660.0,1040.0,620.0
2026-09-23 15:45:00,3MW23SEP2026.csv,1190.0,1190.0,0.0,1620.0,1190.0,430.0
2026-09-23 16:00:00,3MW23SEP2026.csv,1090.0,1090.0,0.0,1420.0,1090.0,330.0
2026-09-23 16:15:00,3MW23SEP2026.csv,980.0,980.0,0.0,1670.0,980.0,690.0
2026-09-23 16:30:00,3MW23SEP2026.csv,910.0,910.0,0.0,1820.0,910.0,910.0
2026-09-23 16:45:00,3MW23SEP2026.csv,640.0,640.0,0.0,1850.0,640.0,1200.0
2026-09-23 17:00:00,3MW23SEP2026.csv,140.0,140.0,0.0,1810.0,140.0,1670.0
2026-09-23 17:15:00,3MW23SEP2026.csv,100.0,100.0,0.0,1730.0,100.0,1630.0
2026-09-23 17:30:00,3MW23SEP2026.csv,90.0,90.0,0.0,1630.0,90.0,1540.0
2026-09-23 17:45:00,3MW23SEP2026.csv,50.0,50.0,0.0,1330.0,50.0,1290.0
2026-09-23 18:00:00,3MW23SEP2026.csv,0.0,0.0,0.0,1510.0,0.0,1510.0
2026-09-23 18:15:00,3MW23SEP2026.csv,0.0,0.0,0.0,1580.0,0.0,1580.0
2026-09-23 18:30:00,3MW23SEP2026.csv,0.0,0.0,0.0,1600.0,0.0,1600.0
2026-09-23 18:45:00,3MW23SEP2026.csv,0.0,0.0,0.0,1680.0,0.0,1680.0
2026-09-23 19:00:00,3MW23SEP2026.csv,0.0,0.0,0.0,1660.0,0.0,1660.0
2026-09-23 19:15:00,3MW23SEP2026.csv,0.0,0.0,0.0,1600.0,0.0,1600.0
2026-09-23 19:30:00,3MW23SEP2026.csv,0.0,0.0,0.0,1670.0,0.0,1670.0
2026-09-23 19:45:00,3MW23SEP2026.csv,0.0,0.0,0.0,1440.0,0.0,1440.0
2026-09-23 20:00:00,3MW23SEP2026.csv,0.0,0.0,0.0,1330.0,0.0,1330.0
2026-09-23 20:15:00,3MW23SEP2026.csv,0.0,0.0,0.0,1570.0,0.0,1570.0
2026-09-23 20:30:00,3MW23SEP2026.csv,0.0,0.0,0.0,1730.0,0.0,1730.0
2026-09-23 20:45:00,3MW23SEP2026.csv,0.0,0.0,0.0,1770.0,0.0,1770.0
2026-09-23 21:00:00,3MW23SEP2026.csv,0.0,0.0,0.0,1680.0,0.0,1680.0
2026-09-23 21:15:00,3MW23SEP2026.csv,0.0,0.0,0.0,1710.0,0.0,1710.0
2026-09-23 21:30:00,3MW23SEP2026.csv,0.0,0.0,0.0,1750.0,0.0,1750.0
2026-09-23 21:45:00,3MW23SEP2026.csv,0.0,0.0,0.0,1750.0,0.0,1750.0
2026-09-23 22:00:00,3MW23SEP2026.csv,0.0,0.0,0.0,1620.0,0.0,1620.0
2026-09-23 22:15:00,3MW23SEP2026.csv,0.0,0.0,0.0,1690.0,0.0,1690.0
2026-09-23 22:30:00,3MW23SEP2026.csv,0.0,0.0,0.0,1750.0,0.0,1750.0
2026-09-23 22:45:00,3MW23SEP2026.csv,0.0,0.0,0.0,1700.0,0.0,1700.0
2026-09-23 23:00:00,3MW23SEP2026.csv,0.0,0.0,0.0,1810.0,0.0,1810.0
2026-09-23 23:15:00,3MW23SEP2026.csv,0.0,0.0,0.0,1760.0,0.0,1760.0
2026-09-23 23:30:00,3MW23SEP2026.csv,0.0,0.0,0.0,1740.0,0.0,1740.0
2026-09-23 23:45:00,3MW23SEP2026.csv,0.0,0.0,0.0,1760.0,0.0,1760.0
2026-09-24 00:00:00,3MW24SEP2026.csv,0.0,0.0,0.0,1740.0,0.0,1740.0
2026-09-24 00:15:00,3MW24SEP2026.csv,0.0,0.0,0.0,1690.0,0.0,1690.0
2026-09-24 00:30:00,3MW24SEP2026.csv,0.0,0.0,0.0,1720.0,0.0,1720.0
2026-09-24 00:45:00,3MW24SEP2026.csv,0.0,0.0,0.0,1650.0,0.0,1650.0
2026-09-24 01:00:00,3MW24SEP2026.csv,0.0,0.0,0.0,1690.0,0.0,1690.0
2026-09-24 01:15:00,3MW24SEP2026.csv,0.0,0.0,0.0,1670.0,0.0,1670.0
2026-09-24 01:30:00,3MW24SEP2026.csv,0.0,0.0,0.0,1680.0,0.0,1680.0
2026-09-24 01:45:00,3MW24SEP2026.csv,0.0,0.0,0.0,1670.0,0.0,1670.0
2026-09-24 02:00:00,3MW24SEP2026.csv,0.0,0.0,0.0,1670.0,0.0,1670.0
2026-09-24 02:15:00,3MW24SEP2026.csv,0.0,0.0,0.0,1670.0,0.0,1670.0
2026-09-24 02:30:00,3MW24SEP2026.csv,0.0,0.0,0.0,1710.0,0.0,1710.0
2026-09-24 02:45:00,3MW24SEP2026.csv,0.0,0.0,0.0,1740.0,0.0,1740.0
2026-09-24 03:00:00,3MW24SEP2026.csv,0.0,0.0,0.0,1640.0,0.0,1640.0
2026-09-24 03:15:00,3MW24SEP2026.csv,0.0,0.0,0.0,1710.0,0.0,1710.0
2026-09-24 03:30:00,3MW24SEP2026.csv,0.0,0.0,0.0,1700.0,0.0,1700.0
2026-09-24 03:45:00,3MW24SEP2026.csv,0.0,0.0,0.0,1270.0,0.0,1270.0
2026-09-24 04:00:00,3MW24SEP2026.csv,0.0,0.0,0.0,1190.0,0.0,1190.0
2026-09-24 04:15:00,3MW24SEP2026.csv,0.0,0.0,0.0,1220.0,0.0,1220.0
2026-09-24 04:30:00,3MW24SEP2026.csv,0.0,0.0,0.0,1260.0,0.0,1260.0
2026-09-24 04:45:00,3MW24SEP2026.csv,0.0,0.0,0.0,1220.0,0.0,1220.0
2026-09-24 05:00:00,3MW24SEP2026.csv,0.0,0.0,0.0,1250.0,0.0,1250.0
2026-09-24 05:15:00,3MW24SEP2026.csv,0.0,0.0,0.0,1210.0,0.0,1210.0
2026-09-24 05:30:00,3MW24SEP2026.csv,0.0,0.0,0.0,1210.0,0.0,1210.0
2026-09-24 05:45:00,3MW24SEP2026.csv,0.0,0.0,0.0,1230.0,0.0,1230.0
2026-09-24 06:00:00,3MW24SEP2026.csv,0.0,0.0,0.0,1200.0,0.0,1200.0
2026-09-24 06:15:00,3MW24SEP2026.csv,10.0,10.0,0.0,1210.0,10.0,1200.0
2026-09-24 06:30:00,3MW24SEP2026.csv,50.0,50.0,0.0,1240.0,50.0,1190.0
2026-09-24 06:45:00,3MW24SEP2026.csv,120.0,120.0,0.0,1390.0,120.0,1260.0
2026-09-24 07:00:00,3MW24SEP2026.csv,210.0,210.0,0.0,1730.0,210.0,1520.0
2026-09-24 07:15:00,3MW24SEP2026.csv,290.0,290.0,0.0,1670.0,290.0,1380.0
2026-09-24 07:30:00,3MW24SEP2026.csv,320.0,320.0,0.0,1650.0,320.0,1340.0
2026-09-24 07:45:00,3MW24SEP2026.csv,320.0,320.0,0.0,1720.0,320.0,1400.0
2026-09-24 08:00:00,3MW24SEP2026.csv,360.0,360.0,0.0,1700.0,360.0,1340.0
2026-09-24 08:15:00,3MW24SEP2026.csv,410.0,410.0,0.0,1770.0,410.0,1360.0
2026-09-24 08:30:00,3MW24SEP2026.csv,590.0,590.0,0.0,1620.0,590.0,1020.0
2026-09-24 08:45:00,3MW24SEP2026.csv,720.0,720.0,0.0,1630.0,720.0,910.0
2026-09-24 09:00:00,3MW24SEP2026.csv,750.0,750.0,0.0,1870.0,750.0,1120.0
2026-09-24 09:15:00,3MW24SEP2026.csv,740.0,740.0,0.0,1740.0,740.0,1000.0
2026-09-24 09:30:00,3MW24SEP2026.csv,820.0,820.0,0.0,1630.0,820.0,820.0
2026-09-24 09:45:00,3MW24SEP2026.csv,730.0,730.0,0.0,1610.0,730.0,880.0
2026-09-24 10:00:00,3MW24SEP2026.csv,1170.0,1170.0,0.0,1650.0,1170.0,480.0
2026-09-24 10:15:00,3MW24SEP2026.csv,1680.0,1680.0,0.0,1880.0,1680.0,200.0
2026-09-24 10:30:00,3MW24SEP2026.csv,1340.0,1340.0,0.0,1800.0,1340.0,470.0
2026-09-24 10:45:00,3MW24SEP2026.csv,1040.0,1040.0,0.0,1690.0,1040.0,640.0
2026-09-24 11:00:00,3MW24SEP2026.csv,810.0,810.0,0.0,1780.0,810.0,970.0
2026-09-24 11:15:00,3MW24SEP2026.csv,890.0,890.0,0.0,1720.0,890.0,830.0
2026-09-24 11:30:00,3MW24SEP2026.csv,660.0,660.0,0.0,1640.0,660.0,980.0
2026-09-24 11:45:00,3MW24SEP2026.csv,480.0,480.0,0.0,1290.0,480.0,820.0
2026-09-24 12:00:00,3MW24SEP2026.csv,810.0,810.0,0.0,1380.0,810.0,580.0
2026-09-24 12:15:00,3MW24SEP2026.csv,1370.0,1370.0,0.0,1830.0,1370.0,460.0
2026-09-24 12:30:00,3MW24SEP2026.csv,1740.0,1720.0,20.0,1840.0,1720.0,120.0
2026-09-24 12:45:00,3MW24SEP2026.csv,1640.0,1640.0,0.0,1800.0,1640.0,160.0
2026-09-24 13:00:00,3MW24SEP2026.csv,1320.0,1320.0,0.0,1640.0,1320.0,320.0
2026-09-24 13:15:00,3MW24SEP2026.csv,1290.0,1290.0,0.0,1740.0,1290.0,450.0
2026-09-24 13:30:00,3MW24SEP2026.csv,1720.0,1710.0,10.0,1770.0,1710.0,50.0
2026-09-24 13:45:00,3MW24SEP2026.csv,1600.0,1600.0,0.0,1720.0,1600.0,110.0
2026-09-24 14:00:00,3MW24SEP2026.csv,990.0,990.0,0.0,1790.0,990.0,790.0
2026-09-24 14:15:00,3MW24SEP2026.csv,1440.0,1440.0,0.0,1710.0,1440.0,270.0
2026-09-24 14:30:00,3MW24SEP2026.csv,1780.0,1760.0,20.0,1800.0,1760.0,40.0
2026-09-24 14:45:00,3MW24SEP2026.csv,1380.0,1370.0,10.0,1720.0,1370.0,350.0
2026-09-24 15:00:00,3MW24SEP2026.csv,790.0,790.0,0.0,1750.0,790.0,960.0
2026-09-24 15:15:00,3MW24SEP2026.csv,720.0,720.0,0.0,1710.0,720.0,990.0
2026-09-24 15:30:00,3MW24SEP2026.csv,800.0,800.0,0.0,1740.0,800.0,940.0
2026-09-24 15:45:00,3MW24SEP2026.csv,660.0,660.0,0.0,1370.0,660.0,700.0
2026-09-24 16:00:00,3MW24SEP2026.csv,640.0,640.0,0.0,1280.0,640.0,640.0
2026-09-24 16:15:00,3MW24SEP2026.csv,740.0,740.0,0.0,1730.0,740.0,1000.0
2026-09-24 16:30:00,3MW24SEP2026.csv,130.0,130.0,0.0,1770.0,130.0,1630.0
2026-09-24 16:45:00,3MW24SEP2026.csv,50.0,50.0,0.0,1770.0,50.0,1720.0
2026-09-24 17:00:00,3MW24SEP2026.csv,0.0,0.0,0.0,1740.0,0.0,1740.0
2026-09-24 17:15:00,3MW24SEP2026.csv,0.0,0.0,0.0,1680.0,0.0,1680.0
2026-09-24 17:30:00,3MW24SEP2026.csv,0.0,0.0,0.0,1660.0,0.0,1660.0
2026-09-24 17:45:00,3MW24SEP2026.csv,0.0,0.0,0.0,1580.0,0.0,1580.0
2026-09-24 18:00:00,3MW24SEP2026.csv,0.0,0.0,0.0,1650.0,0.0,1650.0
2026-09-24 18:15:00,3MW24SEP2026.csv,0.0,0.0,0.0,1610.0,0.0,1610.0
2026-09-24 18:30:00,3MW24SEP2026.csv,0.0,0.0,0.0,1350.0,0.0,1350.0
2026-09-24 18:45:00,3MW24SEP2026.csv,0.0,0.0,0.0,1610.0,0.0,1610.0
2026-09-24 19:00:00,3MW24SEP2026.csv,0.0,0.0,0.0,1540.0,0.0,1540.0
2026-09-24 19:15:00,3MW24SEP2026.csv,0.0,0.0,0.0,1060.0,0.0,1060.0
2026-09-24 19:30:00,3MW24SEP2026.csv,0.0,0.0,0.0,1040.0,0.0,1040.0
2026-09-24 19:45:00,3MW24SEP2026.csv,0.0,0.0,0.0,290.0,0.0,290.0
2026-09-24 20:00:00,3MW24SEP2026.csv,0.0,0.0,0.0,230.0,0.0,230.0
2026-09-24 20:15:00,3MW24SEP2026.csv,0.0,0.0,0.0,230.0,0.0,230.0
2026-09-24 20:30:00,3MW24SEP2026.csv,0.0,0.0,0.0,210.0,0.0,210.0
2026-09-24 20:45:00,3MW24SEP2026.csv,0.0,0.0,0.0,200.0,0.0,200.0
2026-09-24 21:00:00,3MW24SEP2026.csv,0.0,0.0,0.0,220.0,0.0,220.0
2026-09-24 21:15:00,3MW24SEP2026.csv,0.0,0.0,0.0,210.0,0.0,210.0
2026-09-24 21:30:00,3MW24SEP2026.csv,0.0,0.0,0.0,200.0,0.0,200.0
2026-09-24 21:45:00,3MW24SEP2026.csv,0.0,0.0,0.0,210.0,0.0,210.0
2026-09-24 22:00:00,3MW24SEP2026.csv,0.0,0.0,0.0,200.0,0.0,200.0
2026-09-24 22:15:00,3MW24SEP2026.csv,0.0,0.0,0.0,200.0,0.0,200.0
2026-09-24 22:30:00,3MW24SEP2026.csv,0.0,0.0,0.0,210.0,0.0,210.0
2026-09-24 22:45:00,3MW24SEP2026.csv,0.0,0.0,0.0,200.0,0.0,200.0
2026-09-24 23:00:00,3MW24SEP2026.csv,0.0,0.0,0.0,220.0,0.0,220.0
2026-09-24 23:15:00,3MW24SEP2026.csv,0.0,0.0,0.0,230.0,0.0,230.0
2026-09-24 23:30:00,3MW24SEP2026.csv,0.0,0.0,0.0,260.0,0.0,260.0
2026-09-24 23:45:00,3MW24SEP2026.csv,0.0,0.0,0.0,210.0,0.0,210.0
2026-09-25 00:00:00,3MW25SEP2026.csv,0.0,0.0,0.0,230.0,0.0,230.0
2026-09-25 00:15:00,3MW25SEP2026.csv,0.0,0.0,0.0,200.0,0.0,200.0
2026-09-25 00:30:00,3MW25SEP2026.csv,0.0,0.0,0.0,190.0,0.0,190.0
2026-09-25 00:45:00,3MW25SEP2026.csv,0.0,0.0,0.0,190.0,0.0,190.0
2026-09-25 01:00:00,3MW25SEP2026.csv,0.0,0.0,0.0,190.0,0.0,190.0
2026-09-25 01:15:00,3MW25SEP2026.csv,0.0,0.0,0.0,190.0,0.0,190.0
2026-09-25 01:30:00,3MW25SEP2026.csv,0.0,0.0,0.0,190.0,0.0,190.0
2026-09-25 01:45:00,3MW25SEP2026.csv,0.0,0.0,0.0,190.0,0.0,190.0
2026-09-25 02:00:00,3MW25SEP2026.csv,0.0,0.0,0.0,190.0,0.0,190.0
2026-09-25 02:15:00,3MW25SEP2026.csv,0.0,0.0,0.0,190.0,0.0,190.0
2026-09-25 02:30:00,3MW25SEP2026.csv,0.0,0.0,0.0,190.0,0.0,190.0
2026-09-25 02:45:00,3MW25SEP2026.csv,0.0,0.0,0.0,180.0,0.0,180.0
2026-09-25 03:00:00,3MW25SEP2026.csv,0.0,0.0,0.0,190.0,0.0,190.0
2026-09-25 03:15:00,3MW25SEP2026.csv,0.0,0.0,0.0,200.0,0.0,200.0
2026-09-25 03:30:00,3MW25SEP2026.csv,0.0,0.0,0.0,200.0,0.0,200.0
2026-09-25 03:45:00,3MW25SEP2026.csv,0.0,0.0,0.0,200.0,0.0,200.0
2026-09-25 04:00:00,3MW25SEP2026.csv,0.0,0.0,0.0,200.0,0.0,200.0
2026-09-25 04:15:00,3MW25SEP2026.csv,0.0,0.0,0.0,190.0,0.0,190.0
2026-09-25 04:30:00,3MW25SEP2026.csv,0.0,0.0,0.0,190.0,0.0,190.0
2026-09-25 04:45:00,3MW25SEP2026.csv,0.0,0.0,0.0,190.0,0.0,190.0
2026-09-25 05:00:00,3MW25SEP2026.csv,0.0,0.0,0.0,180.0,0.0,180.0
2026-09-25 05:15:00,3MW25SEP2026.csv,0.0,0.0,0.0,190.0,0.0,190.0
2026-09-25 05:30:00,3MW25SEP2026.csv,0.0,0.0,0.0,190.0,0.0,190.0
2026-09-25 05:45:00,3MW25SEP2026.csv,0.0,0.0,0.0,180.0,0.0,180.0
2026-09-25 06:00:00,3MW25SEP2026.csv,0.0,0.0,0.0,190.0,0.0,190.0
2026-09-25 06:15:00,3MW25SEP2026.csv,0.0,0.0,0.0,210.0,0.0,210.0
2026-09-25 06:30:00,3MW25SEP2026.csv,0.0,0.0,0.0,190.0,0.0,190.0
2026-09-25 06:45:00,3MW25SEP2026.csv,10.0,10.0,0.0,180.0,10.0,180.0
2026-09-25 07:00:00,3MW25SEP2026.csv,10.0,10.0,0.0,190.0,10.0,180.0
2026-09-25 07:15:00,3MW25SEP2026.csv,30.0,30.0,0.0,200.0,30.0,170.0
2026-09-25 07:30:00,3MW25SEP2026.csv,70.0,70.0,0.0,200.0,70.0,120.0
2026-09-25 07:45:00,3MW25SEP2026.csv,130.0,130.0,0.0,210.0,130.0,80.0
2026-09-25 08:00:00,3MW25SEP2026.csv,230.0,200.0,30.0,210.0,200.0,10.0
2026-09-25 08:15:00,3MW25SEP2026.csv,200.0,190.0,10.0,200.0,190.0,20.0
2026-09-25 08:30:00,3MW25SEP2026.csv,140.0,140.0,0.0,200.0,140.0,60.0
2026-09-25 08:45:00,3MW25SEP2026.csv,140.0,140.0,0.0,220.0,140.0,80.0
2026-09-25 09:00:00,3MW25SEP2026.csv,140.0,140.0,0.0,220.0,140.0,80.0
2026-09-25 09:15:00,3MW25SEP2026.csv,160.0,160.0,0.0,240.0,160.0,80.0
2026-09-25 09:30:00,3MW25SEP2026.csv,190.0,190.0,0.0,270.0,190.0,80.0
2026-09-25 09:45:00,3MW25SEP2026.csv,190.0,190.0,0.0,270.0,190.0,90.0
2026-09-25 10:00:00,3MW25SEP2026.csv,190.0,190.0,0.0,260.0,190.0,80.0
2026-09-25 10:15:00,3MW25SEP2026.csv,190.0,190.0,0.0,260.0,190.0,70.0
2026-09-25 10:30:00,3MW25SEP2026.csv,190.0,190.0,0.0,270.0,190.0,80.0
2026-09-25 10:45:00,3MW25SEP2026.csv,190.0,190.0,0.0,250.0,190.0,60.0
2026-09-25 11:00:00,3MW25SEP2026.csv,190.0,190.0,0.0,250.0,190.0,60.0
2026-09-25 11:15:00,3MW25SEP2026.csv,190.0,190.0,0.0,200.0,190.0,10.0
2026-09-25 11:30:00,3MW25SEP2026.csv,190.0,190.0,0.0,210.0,190.0,20.0
2026-09-25 11:45:00,3MW25SEP2026.csv,190.0,190.0,0.0,210.0,190.0,20.0
2026-09-25 12:00:00,3MW25SEP2026.csv,190.0,190.0,0.0,200.0,190.0,10.0
2026-09-25 12:15:00,3MW25SEP2026.csv,190.0,190.0,0.0,210.0,190.0,20.0
2026-09-25 12:30:00,3MW25SEP2026.csv,190.0,190.0,0.0,220.0,190.0,40.0
2026-09-25 12:45:00,3MW25SEP2026.csv,180.0,180.0,0.0,200.0,180.0,20.0
2026-09-25 13:00:00,3MW25SEP2026.csv,190.0,190.0,0.0,230.0,190.0,40.0
2026-09-25 13:15:00,3MW25SEP2026.csv,190.0,190.0,0.0,250.0,190.0,60.0
2026-09-25 13:30:00,3MW25SEP2026.csv,190.0,190.0,0.0,260.0,190.0,70.0
2026-09-25 13:45:00,3MW25SEP2026.csv,190.0,190.0,0.0,240.0,190.0,50.0
2026-09-25 14:00:00,3MW25SEP2026.csv,190.0,190.0,0.0,220.0,190.0,30.0
2026-09-25 14:15:00,3MW25SEP2026.csv,190.0,190.0,0.0,230.0,190.0,40.0
2026-09-25 14:30:00,3MW25SEP2026.csv,190.0,190.0,0.0,220.0,190.0,30.0
2026-09-25 14:45:00,3MW25SEP2026.csv,190.0,190.0,0.0,200.0,190.0,10.0
2026-09-25 15:00:00,3MW25SEP2026.csv,190.0,190.0,0.0,210.0,190.0,20.0
2026-09-25 15:15:00,3MW25SEP2026.csv,190.0,190.0,0.0,200.0,190.0,10.0
2026-09-25 15:30:00,3MW25SEP2026.csv,190.0,180.0,10.0,180.0,180.0,0.0
2026-09-25 15:45:00,3MW25SEP2026.csv,190.0,190.0,0.0,200.0,190.0,10.0
2026-09-25 16:00:00,3MW25SEP2026.csv,190.0,180.0,10.0,180.0,180.0,0.0
2026-09-25 16:15:00,3MW25SEP2026.csv,190.0,190.0,0.0,220.0,190.0,30.0
2026-09-25 16:30:00,3MW25SEP2026.csv,190.0,190.0,0.0,200.0,190.0,20.0
2026-09-25 16:45:00,3MW25SEP2026.csv,180.0,180.0,0.0,200.0,180.0,20.0
2026-09-25 17:00:00,3MW25SEP2026.csv,150.0,150.0,0.0,200.0,150.0,50.0
2026-09-25 17:15:00,3MW25SEP2026.csv,190.0,180.0,10.0,190.0,180.0,10.0
2026-09-25 17:30:00,3MW25SEP2026.csv,100.0,100.0,0.0,190.0,100.0,90.0
2026-09-25 17:45:00,3MW25SEP2026.csv,30.0,30.0,0.0,230.0,30.0,200.0
2026-09-25 18:00:00,3MW25SEP2026.csv,0.0,0.0,0.0,220.0,0.0,220.0
2026-09-25 18:15:00,3MW25SEP2026.csv,0.0,0.0,0.0,240.0,0.0,240.0
2026-09-25 18:30:00,3MW25SEP2026.csv,0.0,0.0,0.0,240.0,0.0,240.0
2026-09-25 18:45:00,3MW25SEP2026.csv,0.0,0.0,0.0,240.0,0.0,240.0
2026-09-25 19:00:00,3MW25SEP2026.csv,0.0,0.0,0.0,220.0,0.0,220.0
2026-09-25 19:15:00,3MW25SEP2026.csv,0.0,0.0,0.0,290.0,0.0,290.0
2026-09-25 19:30:00,3MW25SEP2026.csv,0.0,0.0,0.0,660.0,0.0,660.0
2026-09-25 19:45:00,3MW25SEP2026.csv,0.0,0.0,0.0,1650.0,0.0,1650.0
2026-09-25 20:00:00,3MW25SEP2026.csv,0.0,0.0,0.0,1550.0,0.0,1550.0
2026-09-25 20:15:00,3MW25SEP2026.csv,0.0,0.0,0.0,1850.0,0.0,1850.0
2026-09-25 20:30:00,3MW25SEP2026.csv,0.0,0.0,0.0,1770.0,0.0,1770.0
2026-09-25 20:45:00,3MW25SEP2026.csv,0.0,0.0,0.0,1780.0,0.0,1780.0
2026-09-25 21:00:00,3MW25SEP2026.csv,0.0,0.0,0.0,1670.0,0.0,1670.0
2026-09-25 21:15:00,3MW25SEP2026.csv,0.0,0.0,0.0,1640.0,0.0,1640.0
2026-09-25 21:30:00,3MW25SEP2026.csv,0.0,0.0,0.0,1660.0,0.0,1660.0
2026-09-25 21:45:00,3MW25SEP2026.csv,0.0,0.0,0.0,1570.0,0.0,1570.0
2026-09-25 22:00:00,3MW25SEP2026.csv,0.0,0.0,0.0,1830.0,0.0,1830.0
2026-09-25 22:15:00,3MW25SEP2026.csv,0.0,0.0,0.0,1710.0,0.0,1710.0
2026-09-25 22:30:00,3MW25SEP2026.csv,0.0,0.0,0.0,1750.0,0.0,1750.0
2026-09-25 22:45:00,3MW25SEP2026.csv,0.0,0.0,0.0,1770.0,0.0,1770.0
2026-09-25 23:00:00,3MW25SEP2026.csv,0.0,0.0,0.0,1770.0,0.0,1770.0
2026-09-25 23:15:00,3MW25SEP2026.csv,0.0,0.0,0.0,1720.0,0.0,1720.0
2026-09-25 23:30:00,3MW25SEP2026.csv,0.0,0.0,0.0,1430.0,0.0,1430.0
2026-09-25 23:45:00,3MW25SEP2026.csv,0.0,0.0,0.0,1800.0,0.0,1800.0
2026-09-26 00:00:00,3MW26SEP2026.csv,0.0,0.0,0.0,1700.0,0.0,1700.0
2026-09-26 00:15:00,3MW26SEP2026.csv,0.0,0.0,0.0,1710.0,0.0,1710.0
2026-09-26 00:30:00,3MW26SEP2026.csv,0.0,0.0,0.0,1680.0,0.0,1680.0
2026-09-26 00:45:00,3MW26SEP2026.csv,0.0,0.0,0.0,1590.0,0.0,1590.0
2026-09-26 01:00:00,3MW26SEP2026.csv,0.0,0.0,0.0,1650.0,0.0,1650.0
2026-09-26 01:15:00,3MW26SEP2026.csv,0.0,0.0,0.0,1770.0,0.0,1770.0
2026-09-26 01:30:00,3MW26SEP2026.csv,0.0,0.0,0.0,1740.0,0.0,1740.0
2026-09-26 01:45:00,3MW26SEP2026.csv,0.0,0.0,0.0,1700.0,0.0,1700.0
2026-09-26 02:00:00,3MW26SEP2026.csv,0.0,0.0,0.0,1800.0,0.0,1800.0
2026-09-26 02:15:00,3MW26SEP2026.csv,0.0,0.0,0.0,1800.0,0.0,1800.0
2026-09-26 02:30:00,3MW26SEP2026.csv,0.0,0.0,0.0,1770.0,0.0,1770.0
2026-09-26 02:45:00,3MW26SEP2026.csv,0.0,0.0,0.0,1710.0,0.0,1710.0
2026-09-26 03:00:00,3MW26SEP2026.csv,0.0,0.0,0.0,1670.0,0.0,1670.0
2026-09-26 03:15:00,3MW26SEP2026.csv,0.0,0.0,0.0,1780.0,0.0,1780.0
2026-09-26 03:30:00,3MW26SEP2026.csv,0.0,0.0,0.0,1770.0,0.0,1770.0
2026-09-26 03:45:00,3MW26SEP2026.csv,0.0,0.0,0.0,1660.0,0.0,1660.0
2026-09-26 04:00:00,3MW26SEP2026.csv,0.0,0.0,0.0,1730.0,0.0,1730.0
2026-09-26 04:15:00,3MW26SEP2026.csv,0.0,0.0,0.0,1710.0,0.0,1710.0
2026-09-26 04:30:00,3MW26SEP2026.csv,0.0,0.0,0.0,1700.0,0.0,1700.0
2026-09-26 04:45:00,3MW26SEP2026.csv,0.0,0.0,0.0,1570.0,0.0,1570.0
2026-09-26 05:00:00,3MW26SEP2026.csv,0.0,0.0,0.0,1780.0,0.0,1780.0
2026-09-26 05:15:00,3MW26SEP2026.csv,0.0,0.0,0.0,1730.0,0.0,1730.0
2026-09-26 05:30:00,3MW26SEP2026.csv,0.0,0.0,0.0,1690.0,0.0,1690.0
2026-09-26 05:45:00,3MW26SEP2026.csv,0.0,0.0,0.0,1680.0,0.0,1680.0
2026-09-26 06:00:00,3MW26SEP2026.csv,0.0,0.0,0.0,1660.0,0.0,1660.0
2026-09-26 06:15:00,3MW26SEP2026.csv,0.0,0.0,0.0,1670.0,0.0,1660.0
2026-09-26 06:30:00,3MW26SEP2026.csv,20.0,20.0,0.0,1660.0,20.0,1640.0
2026-09-26 06:45:00,3MW26SEP2026.csv,50.0,50.0,0.0,1710.0,50.0,1660.0
2026-09-26 07:00:00,3MW26SEP2026.csv,120.0,120.0,0.0,1720.0,120.0,1610.0
2026-09-26 07:15:00,3MW26SEP2026.csv,180.0,180.0,0.0,1690.0,180.0,1510.0
2026-09-26 07:30:00,3MW26SEP2026.csv,230.0,230.0,0.0,1680.0,230.0,1450.0
2026-09-26 07:45:00,3MW26SEP2026.csv,150.0,150.0,0.0,1630.0,150.0,1480.0
2026-09-26 08:00:00,3MW26SEP2026.csv,270.0,270.0,0.0,1720.0,270.0,1450.0
2026-09-26 08:15:00,3MW26SEP2026.csv,340.0,340.0,0.0,1700.0,340.0,1350.0
2026-09-26 08:30:00,3MW26SEP2026.csv,390.0,390.0,0.0,1650.0,390.0,1260.0
2026-09-26 08:45:00,3MW26SEP2026.csv,600.0,600.0,0.0,1750.0,600.0,1150.0
2026-09-26 09:00:00,3MW26SEP2026.csv,720.0,720.0,0.0,1830.0,720.0,1110.0
2026-09-26 09:15:00,3MW26SEP2026.csv,600.0,600.0,0.0,1800.0,600.0,1210.0
2026-09-26 09:30:00,3MW26SEP2026.csv,720.0,720.0,0.0,1650.0,720.0,930.0
2026-09-26 09:45:00,3MW26SEP2026.csv,800.0,800.0,0.0,1280.0,800.0,480.0
2026-09-26 10:00:00,3MW26SEP2026.csv,890.0,890.0,0.0,1240.0,890.0,360.0
2026-09-26 10:15:00,3MW26SEP2026.csv,590.0,590.0,0.0,1350.0,590.0,760.0
2026-09-26 10:30:00,3MW26SEP2026.csv,680.0,680.0,0.0,1760.0,680.0,1090.0
2026-09-26 10:45:00,3MW26SEP2026.csv,800.0,800.0,0.0,1740.0,800.0,940.0
2026-09-26 11:00:00,3MW26SEP2026.csv,640.0,640.0,0.0,1800.0,640.0,1170.0
2026-09-26 11:15:00,3MW26SEP2026.csv,640.0,640.0,0.0,1790.0,640.0,1150.0
2026-09-26 11:30:00,3MW26SEP2026.csv,510.0,510.0,0.0,1760.0,510.0,1250.0
2026-09-26 11:45:00,3MW26SEP2026.csv,310.0,310.0,0.0,1890.0,310.0,1580.0
2026-09-26 12:00:00,3MW26SEP2026.csv,560.0,560.0,0.0,1780.0,560.0,1220.0
2026-09-26 12:15:00,3MW26SEP2026.csv,770.0,770.0,0.0,1900.0,770.0,1130.0
2026-09-26 12:30:00,3MW26SEP2026.csv,1030.0,1030.0,0.0,1930.0,1030.0,900.0
2026-09-26 12:45:00,3MW26SEP2026.csv,1010.0,1010.0,0.0,1890.0,1010.0,880.0
2026-09-26 13:00:00,3MW26SEP2026.csv,1260.0,1260.0,0.0,1850.0,1260.0,600.0
2026-09-26 13:15:00,3MW26SEP2026.csv,1630.0,1630.0,0.0,1770.0,1630.0,130.0
2026-09-26 13:30:00,3MW26SEP2026.csv,1180.0,1180.0,0.0,1830.0,1180.0,650.0
2026-09-26 13:45:00,3MW26SEP2026.csv,990.0,990.0,0.0,1760.0,990.0,760.0
2026-09-26 14:00:00,3MW26SEP2026.csv,940.0,940.0,0.0,1770.0,940.0,830.0
2026-09-26 14:15:00,3MW26SEP2026.csv,1640.0,1640.0,0.0,1830.0,1640.0,180.0
2026-09-26 14:30:00,3MW26SEP2026.csv,1540.0,1540.0,0.0,1770.0,1540.0,230.0
2026-09-26 14:45:00,3MW26SEP2026.csv,940.0,940.0,0.0,1750.0,940.0,810.0
2026-09-26 15:00:00,3MW26SEP2026.csv,1110.0,1110.0,0.0,1830.0,1110.0,720.0
2026-09-26 15:15:00,3MW26SEP2026.csv,1170.0,1170.0,0.0,1800.0,1170.0,640.0
2026-09-26 15:30:00,3MW26SEP2026.csv,930.0,930.0,0.0,1800.0,930.0,870.0
2026-09-26 15:45:00,3MW26SEP2026.csv,890.0,890.0,0.0,1780.0,890.0,900.0
2026-09-26 16:00:00,3MW26SEP2026.csv,560.0,560.0,0.0,1800.0,560.0,1240.0
2026-09-26 16:15:00,3MW26SEP2026.csv,1050.0,1050.0,0.0,1780.0,1050.0,730.0
2026-09-26 16:30:00,3MW26SEP2026.csv,1020.0,1020.0,0.0,1800.0,1020.0,780.0
2026-09-26 16:45:00,3MW26SEP2026.csv,370.0,370.0,0.0,1330.0,370.0,960.0
2026-09-26 17:00:00,3MW26SEP2026.csv,90.0,90.0,0.0,1280.0,90.0,1200.0
2026-09-26 17:15:00,3MW26SEP2026.csv,10.0,10.0,0.0,1270.0,10.0,1250.0
2026-09-26 17:30:00,3MW26SEP2026.csv,20.0,20.0,0.0,1260.0,20.0,1240.0
2026-09-26 17:45:00,3MW26SEP2026.csv,10.0,10.0,0.0,1250.0,10.0,1250.0
2026-09-26 18:00:00,3MW26SEP2026.csv,0.0,0.0,0.0,1220.0,0.0,1220.0
2026-09-26 18:15:00,3MW26SEP2026.csv,0.0,0.0,0.0,1330.0,0.0,1330.0
2026-09-26 18:30:00,3MW26SEP2026.csv,0.0,0.0,0.0,1620.0,0.0,1620.0
2026-09-26 18:45:00,3MW26SEP2026.csv,0.0,0.0,0.0,1740.0,0.0,1740.0
2026-09-26 19:00:00,3MW26SEP2026.csv,0.0,0.0,0.0,1720.0,0.0,1720.0
2026-09-26 19:15:00,3MW26SEP2026.csv,0.0,0.0,0.0,1780.0,0.0,1780.0
2026-09-26 19:30:00,3MW26SEP2026.csv,0.0,0.0,0.0,1700.0,0.0,1700.0
2026-09-26 19:45:00,3MW26SEP2026.csv,0.0,0.0,0.0,1780.0,0.0,1780.0
2026-09-26 20:00:00,3MW26SEP2026.csv,0.0,0.0,0.0,1730.0,0.0,1730.0
2026-09-26 20:15:00,3MW26SEP2026.csv,0.0,0.0,0.0,1470.0,0.0,1470.0
2026-09-26 20:30:00,3MW26SEP2026.csv,0.0,0.0,0.0,1320.0,0.0,1320.0
2026-09-26 20:45:00,3MW26SEP2026.csv,0.0,0.0,0.0,1690.0,0.0,1690.0
2026-09-26 21:00:00,3MW26SEP2026.csv,0.0,0.0,0.0,1740.0,0.0,1740.0
2026-09-26 21:15:00,3MW26SEP2026.csv,0.0,0.0,0.0,1630.0,0.0,1630.0
2026-09-26 21:30:00,3MW26SEP2026.csv,0.0,0.0,0.0,1730.0,0.0,1730.0
2026-09-26 21:45:00,3MW26SEP2026.csv,0.0,0.0,0.0,1700.0,0.0,1700.0
2026-09-26 22:00:00,3MW26SEP2026.csv,0.0,0.0,0.0,1730.0,0.0,1730.0
2026-09-26 22:15:00,3MW26SEP2026.csv,0.0,0.0,0.0,1740.0,0.0,1740.0
2026-09-26 22:30:00,3MW26SEP2026.csv,0.0,0.0,0.0,1710.0,0.0,1710.0
2026-09-26 22:45:00,3MW26SEP2026.csv,0.0,0.0,0.0,1740.0,0.0,1740.0
2026-09-26 23:00:00,3MW26SEP2026.csv,0.0,0.0,0.0,1760.0,0.0,1760.0
2026-09-26 23:15:00,3MW26SEP2026.csv,0.0,0.0,0.0,1700.0,0.0,1700.0
2026-09-26 23:30:00,3MW26SEP2026.csv,0.0,0.0,0.0,1790.0,0.0,1790.0
2026-09-26 23:45:00,3MW26SEP2026.csv,0.0,0.0,0.0,1750.0,0.0,1750.0
2026-09-27 00:00:00,3MW27SEP2026.csv,0.0,0.0,0.0,1690.0,0.0,1690.0
2026-09-27 00:15:00,3MW27SEP2026.csv,0.0,0.0,0.0,1770.0,0.0,1770.0
2026-09-27 00:30:00,3MW27SEP2026.csv,0.0,0.0,0.0,1740.0,0.0,1740.0
2026-09-27 00:45:00,3MW27SEP2026.csv,0.0,0.0,0.0,1740.0,0.0,1740.0
2026-09-27 01:00:00,3MW27SEP2026.csv,0.0,0.0,0.0,1830.0,0.0,1830.0
2026-09-27 01:15:00,3MW27SEP2026.csv,0.0,0.0,0.0,1770.0,0.0,1770.0
2026-09-27 01:30:00,3MW27SEP2026.csv,0.0,0.0,0.0,1790.0,0.0,1790.0
2026-09-27 01:45:00,3MW27SEP2026.csv,0.0,0.0,0.0,1730.0,0.0,1730.0
2026-09-27 02:00:00,3MW27SEP2026.csv,0.0,0.0,0.0,1720.0,0.0,1720.0
2026-09-27 02:15:00,3MW27SEP2026.csv,0.0,0.0,0.0,1780.0,0.0,1780.0
2026-09-27 02:30:00,3MW27SEP2026.csv,0.0,0.0,0.0,1830.0,0.0,1830.0
2026-09-27 02:45:00,3MW27SEP2026.csv,0.0,0.0,0.0,1760.0,0.0,1760.0
2026-09-27 03:00:00,3MW27SEP2026.csv,0.0,0.0,0.0,1770.0,0.0,1770.0
2026-09-27 03:15:00,3MW27SEP2026.csv,0.0,0.0,0.0,1810.0,0.0,1810.0
2026-09-27 03:30:00,3MW27SEP2026.csv,0.0,0.0,0.0,1740.0,0.0,1740.0
2026-09-27 03:45:00,3MW27SEP2026.csv,0.0,0.0,0.0,1750.0,0.0,1750.0
2026-09-27 04:00:00,3MW27SEP2026.csv,0.0,0.0,0.0,1850.0,0.0,1850.0
2026-09-27 04:15:00,3MW27SEP2026.csv,0.0,0.0,0.0,1770.0,0.0,1770.0
2026-09-27 04:30:00,3MW27SEP2026.csv,0.0,0.0,0.0,1750.0,0.0,1750.0
2026-09-27 04:45:00,3MW27SEP2026.csv,0.0,0.0,0.0,1750.0,0.0,1750.0
2026-09-27 05:00:00,3MW27SEP2026.csv,0.0,0.0,0.0,1780.0,0.0,1780.0
2026-09-27 05:15:00,3MW27SEP2026.csv,0.0,0.0,0.0,1800.0,0.0,1800.0
2026-09-27 05:30:00,3MW27SEP2026.csv,0.0,0.0,0.0,1490.0,0.0,1490.0
2026-09-27 05:45:00,3MW27SEP2026.csv,0.0,0.0,0.0,1280.0,0.0,1280.0
2026-09-27 06:00:00,3MW27SEP2026.csv,0.0,0.0,0.0,1700.0,0.0,1700.0
2026-09-27 06:15:00,3MW27SEP2026.csv,10.0,10.0,0.0,1770.0,10.0,1760.0
2026-09-27 06:30:00,3MW27SEP2026.csv,30.0,30.0,0.0,1420.0,30.0,1390.0
2026-09-27 06:45:00,3MW27SEP2026.csv,80.0,80.0,0.0,1260.0,80.0,1170.0
2026-09-27 07:00:00,3MW27SEP2026.csv,190.0,190.0,0.0,1180.0,190.0,990.0
2026-09-27 07:15:00,3MW27SEP2026.csv,400.0,400.0,0.0,1100.0,400.0,700.0
2026-09-27 07:30:00,3MW27SEP2026.csv,700.0,700.0,0.0,1200.0,700.0,490.0
2026-09-27 07:45:00,3MW27SEP2026.csv,430.0,430.0,0.0,1270.0,430.0,850.0
2026-09-27 08:00:00,3MW27SEP2026.csv,520.0,520.0,0.0,1240.0,520.0,720.0
2026-09-27 08:15:00,3MW27SEP2026.csv,450.0,450.0,0.0,1230.0,450.0,790.0
2026-09-27 08:30:00,3MW27SEP2026.csv,760.0,760.0,0.0,1270.0,760.0,510.0
2026-09-27 08:45:00,3MW27SEP2026.csv,920.0,920.0,0.0,1280.0,920.0,360.0
2026-09-27 09:00:00,3MW27SEP2026.csv,960.0,940.0,10.0,1260.0,940.0,320.0
2026-09-27 09:15:00,3MW27SEP2026.csv,1090.0,1090.0,0.0,1340.0,1090.0,250.0
2026-09-27 09:30:00,3MW27SEP2026.csv,1290.0,1290.0,0.0,1710.0,1290.0,420.0
2026-09-27 09:45:00,3MW27SEP2026.csv,1070.0,1070.0,0.0,1790.0,1070.0,720.0
2026-09-27 10:00:00,3MW27SEP2026.csv,1090.0,1090.0,0.0,1760.0,1090.0,670.0
2026-09-27 10:15:00,3MW27SEP2026.csv,1160.0,1160.0,0.0,1620.0,1160.0,470.0
2026-09-27 10:30:00,3MW27SEP2026.csv,1120.0,1120.0,0.0,1780.0,1120.0,660.0
2026-09-27 10:45:00,3MW27SEP2026.csv,1180.0,1180.0,0.0,1760.0,1180.0,590.0
2026-09-27 11:00:00,3MW27SEP2026.csv,1060.0,1060.0,0.0,1830.0,1060.0,770.0
2026-09-27 11:15:00,3MW27SEP2026.csv,370.0,370.0,0.0,1750.0,370.0,1370.0
2026-09-27 11:30:00,3MW27SEP2026.csv,860.0,860.0,0.0,1810.0,860.0,950.0
2026-09-27 11:45:00,3MW27SEP2026.csv,1710.0,1700.0,20.0,1710.0,1700.0,10.0
2026-09-27 12:00:00,3MW27SEP2026.csv,1530.0,1480.0,50.0,1580.0,1480.0,90.0
2026-09-27 12:15:00,3MW27SEP2026.csv,1000.0,1000.0,0.0,1830.0,1000.0,830.0
2026-09-27 12:30:00,3MW27SEP2026.csv,1580.0,1550.0,30.0,1750.0,1550.0,190.0
2026-09-27 12:45:00,3MW27SEP2026.csv,1360.0,1360.0,0.0,1830.0,1360.0,470.0
2026-09-27 13:00:00,3MW27SEP2026.csv,1230.0,1230.0,0.0,1870.0,1230.0,640.0
2026-09-27 13:15:00,3MW27SEP2026.csv,1430.0,1430.0,0.0,1820.0,1430.0,390.0
2026-09-27 13:30:00,3MW27SEP2026.csv,1540.0,1540.0,0.0,1780.0,1540.0,240.0
2026-09-27 13:45:00,3MW27SEP2026.csv,1160.0,1160.0,0.0,1480.0,1160.0,320.0
2026-09-27 14:00:00,3MW27SEP2026.csv,1360.0,1360.0,0.0,1740.0,1360.0,370.0
2026-09-27 14:15:00,3MW27SEP2026.csv,1080.0,1080.0,0.0,1980.0,1080.0,900.0
2026-09-27 14:30:00,3MW27SEP2026.csv,1280.0,1280.0,0.0,1790.0,1280.0,510.0
2026-09-27 14:45:00,3MW27SEP2026.csv,770.0,770.0,0.0,1750.0,770.0,980.0
2026-09-27 15:00:00,3MW27SEP2026.csv,590.0,590.0,0.0,1590.0,590.0,990.0
2026-09-27 15:15:00,3MW27SEP2026.csv,650.0,650.0,0.0,1360.0,650.0,700.0
2026-09-27 15:30:00,3MW27SEP2026.csv,490.0,490.0,0.0,1370.0,490.0,880.0
2026-09-27 15:45:00,3MW27SEP2026.csv,460.0,460.0,0.0,1620.0,460.0,1160.0
2026-09-27 16:00:00,3MW27SEP2026.csv,370.0,370.0,0.0,1690.0,370.0,1320.0
2026-09-27 16:15:00,3MW27SEP2026.csv,260.0,260.0,0.0,1560.0,260.0,1300.0
2026-09-27 16:30:00,3MW27SEP2026.csv,230.0,230.0,0.0,1760.0,230.0,1530.0
2026-09-27 16:45:00,3MW27SEP2026.csv,170.0,170.0,0.0,1720.0,170.0,1550.0
2026-09-27 17:00:00,3MW27SEP2026.csv,110.0,110.0,0.0,1670.0,110.0,1560.0
2026-09-27 17:15:00,3MW27SEP2026.csv,90.0,90.0,0.0,1780.0,90.0,1700.0
2026-09-27 17:30:00,3MW27SEP2026.csv,60.0,60.0,0.0,1730.0,60.0,1670.0
2026-09-27 17:45:00,3MW27SEP2026.csv,20.0,20.0,0.0,1660.0,20.0,1640.0
2026-09-27 18:00:00,3MW27SEP2026.csv,0.0,0.0,0.0,1750.0,0.0,1750.0
2026-09-27 18:15:00,3MW27SEP2026.csv,0.0,0.0,0.0,1800.0,0.0,1800.0
2026-09-27 18:30:00,3MW27SEP2026.csv,0.0,0.0,0.0,1770.0,0.0,1770.0
2026-09-27 18:45:00,3MW27SEP2026.csv,0.0,0.0,0.0,1720.0,0.0,1720.0
2026-09-27 19:00:00,3MW27SEP2026.csv,0.0,0.0,0.0,1750.0,0.0,1750.0
2026-09-27 19:15:00,3MW27SEP2026.csv,0.0,0.0,0.0,1660.0,0.0,1660.0
2026-09-27 19:30:00,3MW27SEP2026.csv,0.0,0.0,0.0,1800.0,0.0,1800.0
2026-09-27 19:45:00,3MW27SEP2026.csv,0.0,0.0,0.0,1840.0,0.0,1840.0
2026-09-27 20:00:00,3MW27SEP2026.csv,0.0,0.0,0.0,1770.0,0.0,1770.0
2026-09-27 20:15:00,3MW27SEP2026.csv,0.0,0.0,0.0,1750.0,0.0,1750.0
2026-09-27 20:30:00,3MW27SEP2026.csv,0.0,0.0,0.0,1790.0,0.0,1790.0
2026-09-27 20:45:00,3MW27SEP2026.csv,0.0,0.0,0.0,1790.0,0.0,1790.0
2026-09-27 21:00:00,3MW27SEP2026.csv,0.0,0.0,0.0,1490.0,0.0,1490.0
2026-09-27 21:15:00,3MW27SEP2026.csv,0.0,0.0,0.0,1410.0,0.0,1410.0
2026-09-27 21:30:00,3MW27SEP2026.csv,0.0,0.0,0.0,1750.0,0.0,1750.0
2026-09-27 21:45:00,3MW27SEP2026.csv,0.0,0.0,0.0,1740.0,0.0,1740.0
2026-09-27 22:00:00,3MW27SEP2026.csv,0.0,0.0,0.0,1740.0,0.0,1740.0
2026-09-27 22:15:00,3MW27SEP2026.csv,0.0,0.0,0.0,1740.0,0.0,1740.0
2026-09-27 22:30:00,3MW27SEP2026.csv,0.0,0.0,0.0,1710.0,0.0,1710.0
2026-09-27 22:45:00,3MW27SEP2026.csv,0.0,0.0,0.0,1830.0,0.0,1830.0
2026-09-27 23:00:00,3MW27SEP2026.csv,0.0,0.0,0.0,1770.0,0.0,1770.0
2026-09-27 23:15:00,3MW27SEP2026.csv,0.0,0.0,0.0,1720.0,0.0,1720.0
2026-09-27 23:30:00,3MW27SEP2026.csv,0.0,0.0,0.0,1810.0,0.0,1810.0
2026-09-27 23:45:00,3MW27SEP2026.csv,0.0,0.0,0.0,1670.0,0.0,1670.0
2026-09-28 00:00:00,3MW28SEP2026.csv,0.0,0.0,0.0,1740.0,0.0,1740.0
2026-09-28 00:15:00,3MW28SEP2026.csv,0.0,0.0,0.0,1780.0,0.0,1780.0
2026-09-28 00:30:00,3MW28SEP2026.csv,0.0,0.0,0.0,1720.0,0.0,1720.0
2026-09-28 00:45:00,3MW28SEP2026.csv,0.0,0.0,0.0,1740.0,0.0,1740.0
2026-09-28 01:00:00,3MW28SEP2026.csv,0.0,0.0,0.0,1800.0,0.0,1800.0
2026-09-28 01:15:00,3MW28SEP2026.csv,0.0,0.0,0.0,1810.0,0.0,1810.0
2026-09-28 01:30:00,3MW28SEP2026.csv,0.0,0.0,0.0,1750.0,0.0,1750.0
2026-09-28 01:45:00,3MW28SEP2026.csv,0.0,0.0,0.0,1780.0,0.0,1780.0
2026-09-28 02:00:00,3MW28SEP2026.csv,0.0,0.0,0.0,1710.0,0.0,1710.0
2026-09-28 02:15:00,3MW28SEP2026.csv,0.0,0.0,0.0,1730.0,0.0,1730.0
2026-09-28 02:30:00,3MW28SEP2026.csv,0.0,0.0,0.0,1690.0,0.0,1690.0
2026-09-28 02:45:00,3MW28SEP2026.csv,0.0,0.0,0.0,1720.0,0.0,1720.0
2026-09-28 03:00:00,3MW28SEP2026.csv,0.0,0.0,0.0,1740.0,0.0,1740.0
2026-09-28 03:15:00,3MW28SEP2026.csv,0.0,0.0,0.0,1630.0,0.0,1630.0
2026-09-28 03:30:00,3MW28SEP2026.csv,0.0,0.0,0.0,1340.0,0.0,1340.0
2026-09-28 03:45:00,3MW28SEP2026.csv,0.0,0.0,0.0,1600.0,0.0,1600.0
2026-09-28 04:00:00,3MW28SEP2026.csv,0.0,0.0,0.0,1760.0,0.0,1760.0
2026-09-28 04:15:00,3MW28SEP2026.csv,0.0,0.0,0.0,1730.0,0.0,1730.0
2026-09-28 04:30:00,3MW28SEP2026.csv,0.0,0.0,0.0,1690.0,0.0,1690.0
2026-09-28 04:45:00,3MW28SEP2026.csv,0.0,0.0,0.0,1700.0,0.0,1700.0
2026-09-28 05:00:00,3MW28SEP2026.csv,0.0,0.0,0.0,1800.0,0.0,1800.0
2026-09-28 05:15:00,3MW28SEP2026.csv,0.0,0.0,0.0,1830.0,0.0,1830.0
2026-09-28 05:30:00,3MW28SEP2026.csv,0.0,0.0,0.0,1750.0,0.0,1750.0
2026-09-28 05:45:00,3MW28SEP2026.csv,0.0,0.0,0.0,1740.0,0.0,1740.0
2026-09-28 06:00:00,3MW28SEP2026.csv,0.0,0.0,0.0,1700.0,0.0,1700.0
2026-09-28 06:15:00,3MW28SEP2026.csv,0.0,0.0,0.0,1740.0,0.0,1740.0
2026-09-28 06:30:00,3MW28SEP2026.csv,30.0,30.0,0.0,1740.0,30.0,1710.0
2026-09-28 06:45:00,3MW28SEP2026.csv,80.0,80.0,0.0,1770.0,80.0,1690.0
2026-09-28 07:00:00,3MW28SEP2026.csv,150.0,150.0,0.0,1700.0,150.0,1540.0
2026-09-28 07:15:00,3MW28SEP2026.csv,200.0,200.0,0.0,1600.0,200.0,1390.0
2026-09-28 07:30:00,3MW28SEP2026.csv,190.0,190.0,0.0,1690.0,190.0,1500.0
2026-09-28 07:45:00,3MW28SEP2026.csv,200.0,200.0,0.0,1720.0,200.0,1530.0
2026-09-28 08:00:00,3MW28SEP2026.csv,210.0,210.0,0.0,1780.0,210.0,1570.0
2026-09-28 08:15:00,3MW28SEP2026.csv,240.0,240.0,0.0,1770.0,240.0,1530.0
2026-09-28 08:30:00,3MW28SEP2026.csv,220.0,220.0,0.0,1610.0,220.0,1390.0
2026-09-28 08:45:00,3MW28SEP2026.csv,180.0,180.0,0.0,1250.0,180.0,1070.0
2026-09-28 09:00:00,3MW28SEP2026.csv,320.0,320.0,0.0,1100.0,320.0,780.0
2026-09-28 09:15:00,3MW28SEP2026.csv,360.0,360.0,0.0,1110.0,360.0,750.0
2026-09-28 09:30:00,3MW28SEP2026.csv,350.0,350.0,0.0,1240.0,350.0,890.0
2026-09-28 09:45:00,3MW28SEP2026.csv,400.0,400.0,0.0,1270.0,400.0,870.0
2026-09-28 10:00:00,3MW28SEP2026.csv,450.0,450.0,0.0,1230.0,450.0,780.0
2026-09-28 10:15:00,3MW28SEP2026.csv,490.0,490.0,0.0,1310.0,490.0,810.0
2026-09-28 10:30:00,3MW28SEP2026.csv,520.0,520.0,0.0,1690.0,520.0,1170.0
2026-09-28 10:45:00,3MW28SEP2026.csv,490.0,490.0,0.0,1740.0,490.0,1250.0
2026-09-28 11:00:00,3MW28SEP2026.csv,360.0,360.0,0.0,1690.0,360.0,1330.0
2026-09-28 11:15:00,3MW28SEP2026.csv,320.0,320.0,0.0,1560.0,320.0,1240.0
2026-09-28 11:30:00,3MW28SEP2026.csv,420.0,420.0,0.0,1670.0,420.0,1250.0
2026-09-28 11:45:00,3MW28SEP2026.csv,330.0,330.0,0.0,1700.0,330.0,1360.0
2026-09-28 12:00:00,3MW28SEP2026.csv,430.0,430.0,0.0,1790.0,430.0,1360.0
2026-09-28 12:15:00,3MW28SEP2026.csv,540.0,540.0,0.0,1760.0,540.0,1220.0
2026-09-28 12:30:00,3MW28SEP2026.csv,530.0,530.0,0.0,1770.0,530.0,1240.0
2026-09-28 12:45:00,3MW28SEP2026.csv,400.0,400.0,0.0,1670.0,400.0,1260.0
2026-09-28 13:00:00,3MW28SEP2026.csv,640.0,640.0,0.0,1760.0,640.0,1120.0
2026-09-28 13:15:00,3MW28SEP2026.csv,640.0,640.0,0.0,1750.0,640.0,1110.0
2026-09-28 13:30:00,3MW28SEP2026.csv,520.0,520.0,0.0,1750.0,520.0,1230.0
2026-09-28 13:45:00,3MW28SEP2026.csv,500.0,500.0,0.0,1700.0,500.0,1200.0
2026-09-28 14:00:00,3MW28SEP2026.csv,420.0,420.0,0.0,1700.0,420.0,1280.0
2026-09-28 14:15:00,3MW28SEP2026.csv,360.0,360.0,0.0,1770.0,360.0,1410.0
2026-09-28 14:30:00,3MW28SEP2026.csv,380.0,380.0,0.0,1270.0,380.0,890.0
2026-09-28 14:45:00,3MW28SEP2026.csv,460.0,460.0,0.0,1300.0,460.0,840.0
2026-09-28 15:00:00,3MW28SEP2026.csv,440.0,440.0,0.0,1300.0,440.0,850.0
2026-09-28 15:15:00,3MW28SEP2026.csv,320.0,320.0,0.0,1240.0,320.0,920.0
2026-09-28 15:30:00,3MW28SEP2026.csv,310.0,310.0,0.0,1280.0,310.0,970.0
2026-09-28 15:45:00,3MW28SEP2026.csv,340.0,340.0,0.0,1620.0,340.0,1280.0
2026-09-28 16:00:00,3MW28SEP2026.csv,330.0,330.0,0.0,1760.0,330.0,1430.0
2026-09-28 16:15:00,3MW28SEP2026.csv,240.0,240.0,0.0,1700.0,240.0,1460.0
2026-09-28 16:30:00,3MW28SEP2026.csv,150.0,150.0,0.0,1700.0,150.0,1550.0
2026-09-28 16:45:00,3MW28SEP2026.csv,70.0,70.0,0.0,1730.0,70.0,1660.0
2026-09-28 17:00:00,3MW28SEP2026.csv,20.0,20.0,0.0,1760.0,20.0,1740.0
2026-09-28 17:15:00,3MW28SEP2026.csv,40.0,40.0,0.0,1770.0,40.0,1740.0
2026-09-28 17:30:00,3MW28SEP2026.csv,20.0,20.0,0.0,1770.0,20.0,1740.0
2026-09-28 17:45:00,3MW28SEP2026.csv,0.0,0.0,0.0,1720.0,0.0,1720.0
2026-09-28 18:00:00,3MW28SEP2026.csv,0.0,0.0,0.0,1810.0,0.0,1810.0
2026-09-28 18:15:00,3MW28SEP2026.csv,0.0,0.0,0.0,1650.0,0.0,1650.0
2026-09-28 18:30:00,3MW28SEP2026.csv,0.0,0.0,0.0,1680.0,0.0,1680.0
2026-09-28 18:45:00,3MW28SEP2026.csv,0.0,0.0,0.0,1680.0,0.0,1680.0
2026-09-28 19:00:00,3MW28SEP2026.csv,0.0,0.0,0.0,1620.0,0.0,1620.0
2026-09-28 19:15:00,3MW28SEP2026.csv,0.0,0.0,0.0,1580.0,0.0,1580.0
2026-09-28 19:30:00,3MW28SEP2026.csv,0.0,0.0,0.0,1730.0,0.0,1730.0
2026-09-28 19:45:00,3MW28SEP2026.csv,0.0,0.0,0.0,1760.0,0.0,1760.0
2026-09-28 20:00:00,3MW28SEP2026.csv,0.0,0.0,0.0,1760.0,0.0,1760.0
2026-09-28 20:15:00,3MW28SEP2026.csv,0.0,0.0,0.0,1710.0,0.0,1710.0
2026-09-28 20:30:00,3MW28SEP2026.csv,0.0,0.0,0.0,1770.0,0.0,1770.0
2026-09-28 20:45:00,3MW28SEP2026.csv,0.0,0.0,0.0,1780.0,0.0,1780.0
2026-09-28 21:00:00,3MW28SEP2026.csv,0.0,0.0,0.0,1880.0,0.0,1880.0
2026-09-28 21:15:00,3MW28SEP2026.csv,0.0,0.0,0.0,1720.0,0.0,1720.0
2026-09-28 21:30:00,3MW28SEP2026.csv,0.0,0.0,0.0,1720.0,0.0,1720.0
2026-09-28 21:45:00,3MW28SEP2026.csv,0.0,0.0,0.0,1730.0,0.0,1730.0
2026-09-28 22:00:00,3MW28SEP2026.csv,0.0,0.0,0.0,1810.0,0.0,1810.0
2026-09-28 22:15:00,3MW28SEP2026.csv,0.0,0.0,0.0,1690.0,0.0,1690.0
2026-09-28 22:30:00,3MW28SEP2026.csv,0.0,0.0,0.0,1710.0,0.0,1710.0
2026-09-28 22:45:00,3MW28SEP2026.csv,0.0,0.0,0.0,1740.0,0.0,1740.0
2026-09-28 23:00:00,3MW28SEP2026.csv,0.0,0.0,0.0,1740.0,0.0,1740.0
2026-09-28 23:15:00,3MW28SEP2026.csv,0.0,0.0,0.0,1590.0,0.0,1590.0
2026-09-28 23:30:00,3MW28SEP2026.csv,0.0,0.0,0.0,1710.0,0.0,1710.0
2026-09-28 23:45:00,3MW28SEP2026.csv,0.0,0.0,0.0,1780.0,0.0,1780.0
2026-09-29 00:00:00,3MW29SEP2026.csv,0.0,0.0,0.0,1740.0,0.0,1740.0
2026-09-29 00:15:00,3MW29SEP2026.csv,0.0,0.0,0.0,1480.0,0.0,1480.0
2026-09-29 00:30:00,3MW29SEP2026.csv,0.0,0.0,0.0,1260.0,0.0,1260.0
2026-09-29 00:45:00,3MW29SEP2026.csv,0.0,0.0,0.0,1550.0,0.0,1550.0
2026-09-29 01:00:00,3MW29SEP2026.csv,0.0,0.0,0.0,1740.0,0.0,1740.0
2026-09-29 01:15:00,3MW29SEP2026.csv,0.0,0.0,0.0,1760.0,0.0,1760.0
2026-09-29 01:30:00,3MW29SEP2026.csv,0.0,0.0,0.0,1720.0,0.0,1720.0
2026-09-29 01:45:00,3MW29SEP2026.csv,0.0,0.0,0.0,1730.0,0.0,1730.0
2026-09-29 02:00:00,3MW29SEP2026.csv,0.0,0.0,0.0,1690.0,0.0,1690.0
2026-09-29 02:15:00,3MW29SEP2026.csv,0.0,0.0,0.0,1720.0,0.0,1720.0
2026-09-29 02:30:00,3MW29SEP2026.csv,0.0,0.0,0.0,1730.0,0.0,1730.0
2026-09-29 02:45:00,3MW29SEP2026.csv,0.0,0.0,0.0,1710.0,0.0,1710.0
2026-09-29 03:00:00,3MW29SEP2026.csv,0.0,0.0,0.0,1740.0,0.0,1740.0
2026-09-29 03:15:00,3MW29SEP2026.csv,0.0,0.0,0.0,1330.0,0.0,1330.0
2026-09-29 03:30:00,3MW29SEP2026.csv,0.0,0.0,0.0,1400.0,0.0,1400.0
2026-09-29 03:45:00,3MW29SEP2026.csv,0.0,0.0,0.0,1730.0,0.0,1730.0
2026-09-29 04:00:00,3MW29SEP2026.csv,0.0,0.0,0.0,1680.0,0.0,1680.0
2026-09-29 04:15:00,3MW29SEP2026.csv,0.0,0.0,0.0,1740.0,0.0,1740.0
2026-09-29 04:30:00,3MW29SEP2026.csv,0.0,0.0,0.0,1300.0,0.0,1300.0
2026-09-29 04:45:00,3MW29SEP2026.csv,0.0,0.0,0.0,1280.0,0.0,1280.0
2026-09-29 05:00:00,3MW29SEP2026.csv,0.0,0.0,0.0,1350.0,0.0,1350.0
2026-09-29 05:15:00,3MW29SEP2026.csv,0.0,0.0,0.0,1740.0,0.0,1740.0
2026-09-29 05:30:00,3MW29SEP2026.csv,0.0,0.0,0.0,1510.0,0.0,1510.0
2026-09-29 05:45:00,3MW29SEP2026.csv,0.0,0.0,0.0,1400.0,0.0,1400.0
2026-09-29 06:00:00,3MW29SEP2026.csv,0.0,0.0,0.0,1390.0,0.0,1390.0
2026-09-29 06:15:00,3MW29SEP2026.csv,20.0,20.0,0.0,1540.0,20.0,1520.0
2026-09-29 06:30:00,3MW29SEP2026.csv,50.0,50.0,0.0,1730.0,50.0,1680.0
2026-09-29 06:45:00,3MW29SEP2026.csv,90.0,90.0,0.0,1650.0,90.0,1560.0
2026-09-29 07:00:00,3MW29SEP2026.csv,100.0,100.0,0.0,1550.0,100.0,1450.0
2026-09-29 07:15:00,3MW29SEP2026.csv,180.0,180.0,0.0,1500.0,180.0,1320.0
2026-09-29 07:30:00,3MW29SEP2026.csv,280.0,280.0,0.0,1680.0,280.0,1410.0
2026-09-29 07:45:00,3MW29SEP2026.csv,340.0,340.0,0.0,1690.0,340.0,1350.0
2026-09-29 08:00:00,3MW29SEP2026.csv,370.0,370.0,0.0,1700.0,370.0,1340.0
2026-09-29 08:15:00,3MW29SEP2026.csv,300.0,300.0,0.0,1360.0,300.0,1050.0
2026-09-29 08:30:00,3MW29SEP2026.csv,400.0,400.0,0.0,1280.0,400.0,880.0
2026-09-29 08:45:00,3MW29SEP2026.csv,890.0,890.0,0.0,1400.0,890.0,510.0
2026-09-29 09:00:00,3MW29SEP2026.csv,1100.0,1070.0,30.0,1310.0,1070.0,250.0
2026-09-29 09:15:00,3MW29SEP2026.csv,1180.0,1180.0,0.0,1370.0,1180.0,190.0
2026-09-29 09:30:00,3MW29SEP2026.csv,640.0,640.0,0.0,1360.0,640.0,730.0
2026-09-29 09:45:00,3MW29SEP2026.csv,1220.0,1180.0,50.0,1880.0,1180.0,700.0
2026-09-29 10:00:00,3MW29SEP2026.csv,1540.0,1500.0,40.0,1660.0,1500.0,160.0
2026-09-29 10:15:00,3MW29SEP2026.csv,1310.0,1310.0,0.0,1800.0,1310.0,480.0
2026-09-29 10:30:00,3MW29SEP2026.csv,920.0,810.0,110.0,1560.0,810.0,750.0
2026-09-29 10:45:00,3MW29SEP2026.csv,910.0,910.0,0.0,1310.0,910.0,400.0
2026-09-29 11:00:00,3MW29SEP2026.csv,830.0,830.0,0.0,1530.0,830.0,700.0
2026-09-29 11:15:00,3MW29SEP2026.csv,1370.0,1330.0,40.0,1750.0,1330.0,420.0
2026-09-29 11:30:00,3MW29SEP2026.csv,1630.0,1630.0,0.0,1840.0,1630.0,210.0
2026-09-29 11:45:00,3MW29SEP2026.csv,1800.0,1740.0,50.0,1840.0,1740.0,100.0
2026-09-29 12:00:00,3MW29SEP2026.csv,1250.0,1250.0,0.0,1800.0,1250.0,550.0
2026-09-29 12:15:00,3MW29SEP2026.csv,1340.0,1340.0,0.0,1870.0,1340.0,530.0
2026-09-29 12:30:00,3MW29SEP2026.csv,1670.0,1670.0,0.0,1850.0,1670.0,180.0
2026-09-29 12:45:00,3MW29SEP2026.csv,1190.0,1190.0,0.0,1360.0,1190.0,170.0
2026-09-29 13:00:00,3MW29SEP2026.csv,1140.0,1140.0,0.0,1220.0,1140.0,80.0
2026-09-29 13:15:00,3MW29SEP2026.csv,1210.0,1210.0,0.0,1290.0,1210.0,80.0
2026-09-29 13:30:00,3MW29SEP2026.csv,1200.0,1190.0,10.0,1300.0,1190.0,110.0
2026-09-29 13:45:00,3MW29SEP2026.csv,1170.0,1160.0,20.0,1370.0,1160.0,210.0
2026-09-29 14:00:00,3MW29SEP2026.csv,970.0,970.0,0.0,1320.0,970.0,350.0
2026-09-29 14:15:00,3MW29SEP2026.csv,1520.0,1520.0,0.0,1870.0,1520.0,360.0
2026-09-29 14:30:00,3MW29SEP2026.csv,1060.0,1060.0,0.0,1850.0,1060.0,790.0
2026-09-29 14:45:00,3MW29SEP2026.csv,1640.0,1640.0,0.0,1830.0,1640.0,180.0
2026-09-29 15:00:00,3MW29SEP2026.csv,1250.0,1250.0,0.0,1850.0,1250.0,600.0
2026-09-29 15:15:00,3MW29SEP2026.csv,980.0,980.0,0.0,1880.0,980.0,890.0
2026-09-29 15:30:00,3MW29SEP2026.csv,1180.0,1180.0,0.0,1800.0,1180.0,620.0
2026-09-29 15:45:00,3MW29SEP2026.csv,1190.0,1190.0,0.0,1780.0,1190.0,590.0
2026-09-29 16:00:00,3MW29SEP2026.csv,1060.0,1060.0,0.0,1790.0,1060.0,730.0
2026-09-29 16:15:00,3MW29SEP2026.csv,920.0,920.0,0.0,1850.0,920.0,930.0
2026-09-29 16:30:00,3MW29SEP2026.csv,780.0,780.0,0.0,1840.0,780.0,1060.0
2026-09-29 16:45:00,3MW29SEP2026.csv,620.0,620.0,0.0,1830.0,620.0,1210.0
2026-09-29 17:00:00,3MW29SEP2026.csv,440.0,440.0,0.0,1790.0,440.0,1350.0
2026-09-29 17:15:00,3MW29SEP2026.csv,250.0,250.0,0.0,1760.0,250.0,1500.0
2026-09-29 17:30:00,3MW29SEP2026.csv,50.0,50.0,0.0,1510.0,50.0,1460.0
2026-09-29 17:45:00,3MW29SEP2026.csv,0.0,0.0,0.0,1280.0,0.0,1280.0
2026-09-29 18:00:00,3MW29SEP2026.csv,0.0,0.0,0.0,1270.0,0.0,1270.0
2026-09-29 18:15:00,3MW29SEP2026.csv,0.0,0.0,0.0,1340.0,0.0,1340.0
2026-09-29 18:30:00,3MW29SEP2026.csv,0.0,0.0,0.0,1680.0,0.0,1680.0
2026-09-29 18:45:00,3MW29SEP2026.csv,0.0,0.0,0.0,1700.0,0.0,1700.0
2026-09-29 19:00:00,3MW29SEP2026.csv,0.0,0.0,0.0,1690.0,0.0,1690.0
2026-09-29 19:15:00,3MW29SEP2026.csv,0.0,0.0,0.0,1770.0,0.0,1770.0
2026-09-29 19:30:00,3MW29SEP2026.csv,0.0,0.0,0.0,1700.0,0.0,1700.0
2026-09-29 19:45:00,3MW29SEP2026.csv,0.0,0.0,0.0,1730.0,0.0,1730.0
2026-09-29 20:00:00,3MW29SEP2026.csv,0.0,0.0,0.0,1760.0,0.0,1760.0
2026-09-29 20:15:00,3MW29SEP2026.csv,0.0,0.0,0.0,1810.0,0.0,1810.0
2026-09-29 20:30:00,3MW29SEP2026.csv,0.0,0.0,0.0,1630.0,0.0,1630.0
2026-09-29 20:45:00,3MW29SEP2026.csv,0.0,0.0,0.0,1710.0,0.0,1710.0
2026-09-29 21:00:00,3MW29SEP2026.csv,0.0,0.0,0.0,1700.0,0.0,1700.0
2026-09-29 21:15:00,3MW29SEP2026.csv,0.0,0.0,0.0,1560.0,0.0,1560.0
2026-09-29 21:30:00,3MW29SEP2026.csv,0.0,0.0,0.0,1390.0,0.0,1390.0
2026-09-29 21:45:00,3MW29SEP2026.csv,0.0,0.0,0.0,1590.0,0.0,1590.0
2026-09-29 22:00:00,3MW29SEP2026.csv,0.0,0.0,0.0,1720.0,0.0,1720.0
2026-09-29 22:15:00,3MW29SEP2026.csv,0.0,0.0,0.0,1660.0,0.0,1660.0
2026-09-29 22:30:00,3MW29SEP2026.csv,0.0,0.0,0.0,1720.0,0.0,1720.0
2026-09-29 22:45:00,3MW29SEP2026.csv,0.0,0.0,0.0,1720.0,0.0,1720.0
2026-09-29 23:00:00,3MW29SEP2026.csv,0.0,0.0,0.0,1730.0,0.0,1730.0
2026-09-29 23:15:00,3MW29SEP2026.csv,0.0,0.0,0.0,1700.0,0.0,1700.0
2026-09-29 23:30:00,3MW29SEP2026.csv,0.0,0.0,0.0,1850.0,0.0,1850.0
2026-09-29 23:45:00,3MW29SEP2026.csv,0.0,0.0,0.0,1710.0,0.0,1710.0
2026-09-30 00:00:00,3MW30SEP2026.csv,0.0,0.0,0.0,1830.0,0.0,1830.0
2026-09-30 00:15:00,3MW30SEP2026.csv,0.0,0.0,0.0,1820.0,0.0,1820.0
2026-09-30 00:30:00,3MW30SEP2026.csv,0.0,0.0,0.0,1720.0,0.0,1720.0
2026-09-30 00:45:00,3MW30SEP2026.csv,0.0,0.0,0.0,1730.0,0.0,1730.0
2026-09-30 01:00:00,3MW30SEP2026.csv,0.0,0.0,0.0,1780.0,0.0,1780.0
2026-09-30 01:15:00,3MW30SEP2026.csv,0.0,0.0,0.0,1820.0,0.0,1820.0
2026-09-30 01:30:00,3MW30SEP2026.csv,0.0,0.0,0.0,1770.0,0.0,1770.0
2026-09-30 01:45:00,3MW30SEP2026.csv,0.0,0.0,0.0,1730.0,0.0,1730.0
2026-09-30 02:00:00,3MW30SEP2026.csv,0.0,0.0,0.0,1780.0,0.0,1780.0
2026-09-30 02:15:00,3MW30SEP2026.csv,0.0,0.0,0.0,1770.0,0.0,1770.0
2026-09-30 02:30:00,3MW30SEP2026.csv,0.0,0.0,0.0,1770.0,0.0,1770.0
2026-09-30 02:45:00,3MW30SEP2026.csv,0.0,0.0,0.0,1800.0,0.0,1800.0
2026-09-30 03:00:00,3MW30SEP2026.csv,0.0,0.0,0.0,1760.0,0.0,1760.0
2026-09-30 03:15:00,3MW30SEP2026.csv,0.0,0.0,0.0,1830.0,0.0,1830.0
2026-09-30 03:30:00,3MW30SEP2026.csv,0.0,0.0,0.0,1750.0,0.0,1750.0
2026-09-30 03:45:00,3MW30SEP2026.csv,0.0,0.0,0.0,1670.0,0.0,1670.0
2026-09-30 04:00:00,3MW30SEP2026.csv,0.0,0.0,0.0,1840.0,0.0,1840.0
2026-09-30 04:15:00,3MW30SEP2026.csv,0.0,0.0,0.0,1460.0,0.0,1460.0
2026-09-30 04:30:00,3MW30SEP2026.csv,0.0,0.0,0.0,1150.0,0.0,1150.0
2026-09-30 04:45:00,3MW30SEP2026.csv,0.0,0.0,0.0,1690.0,0.0,1690.0
2026-09-30 05:00:00,3MW30SEP2026.csv,0.0,0.0,0.0,1700.0,0.0,1700.0
2026-09-30 05:15:00,3MW30SEP2026.csv,0.0,0.0,0.0,1750.0,0.0,1750.0
2026-09-30 05:30:00,3MW30SEP2026.csv,0.0,0.0,0.0,1760.0,0.0,1760.0
2026-09-30 05:45:00,3MW30SEP2026.csv,0.0,0.0,0.0,1740.0,0.0,1740.0
2026-09-30 06:00:00,3MW30SEP2026.csv,0.0,0.0,0.0,1780.0,0.0,1780.0
2026-09-30 06:15:00,3MW30SEP2026.csv,20.0,20.0,0.0,1750.0,20.0,1740.0
2026-09-30 06:30:00,3MW30SEP2026.csv,60.0,60.0,0.0,1770.0,60.0,1710.0
2026-09-30 06:45:00,3MW30SEP2026.csv,110.0,110.0,0.0,1730.0,110.0,1620.0
2026-09-30 07:00:00,3MW30SEP2026.csv,190.0,190.0,0.0,1770.0,190.0,1580.0
2026-09-30 07:15:00,3MW30SEP2026.csv,360.0,360.0,0.0,1660.0,360.0,1300.0
2026-09-30 07:30:00,3MW30SEP2026.csv,490.0,490.0,0.0,1760.0,490.0,1270.0
2026-09-30 07:45:00,3MW30SEP2026.csv,630.0,630.0,0.0,1760.0,630.0,1140.0
2026-09-30 08:00:00,3MW30SEP2026.csv,770.0,770.0,0.0,1800.0,770.0,1030.0
2026-09-30 08:15:00,3MW30SEP2026.csv,900.0,900.0,0.0,1810.0,900.0,910.0
2026-09-30 08:30:00,3MW30SEP2026.csv,1070.0,1070.0,0.0,1800.0,1070.0,740.0
2026-09-30 08:45:00,3MW30SEP2026.csv,990.0,990.0,0.0,1860.0,990.0,870.0
2026-09-30 09:00:00,3MW30SEP2026.csv,1360.0,1360.0,0.0,1790.0,1360.0,440.0
2026-09-30 09:15:00,3MW30SEP2026.csv,1450.0,1380.0,60.0,1430.0,1380.0,50.0
2026-09-30 09:30:00,3MW30SEP2026.csv,570.0,570.0,0.0,1330.0,570.0,760.0
2026-09-30 09:45:00,3MW30SEP2026.csv,1280.0,1280.0,0.0,1320.0,1280.0,50.0
2026-09-30 10:00:00,3MW30SEP2026.csv,1260.0,1260.0,0.0,1320.0,1260.0,60.0
2026-09-30 10:15:00,3MW30SEP2026.csv,1180.0,1140.0,40.0,1350.0,1140.0,210.0
2026-09-30 10:30:00,3MW30SEP2026.csv,1200.0,1200.0,0.0,1320.0,1200.0,120.0
2026-09-30 10:45:00,3MW30SEP2026.csv,1280.0,1260.0,20.0,1300.0,1260.0,40.0
2026-09-30 11:00:00,3MW30SEP2026.csv,1110.0,1110.0,0.0,1340.0,1110.0,230.0
2026-09-30 11:15:00,3MW30SEP2026.csv,1290.0,1290.0,0.0,1640.0,1290.0,350.0
2026-09-30 11:30:00,3MW30SEP2026.csv,1800.0,1800.0,0.0,1890.0,1800.0,90.0
2026-09-30 11:45:00,3MW30SEP2026.csv,1630.0,1630.0,0.0,1710.0,1630.0,90.0
2026-09-30 12:00:00,3MW30SEP2026.csv,1760.0,1760.0,0.0,1850.0,1760.0,90.0
2026-09-30 12:15:00,3MW30SEP2026.csv,1760.0,1760.0,0.0,1800.0,1760.0,30.0
2026-09-30 12:30:00,3MW30SEP2026.csv,1760.0,1760.0,0.0,1850.0,1760.0,90.0
2026-09-30 12:45:00,3MW30SEP2026.csv,1810.0,1800.0,0.0,1830.0,1800.0,30.0
2026-09-30 13:00:00,3MW30SEP2026.csv,1760.0,1760.0,0.0,1820.0,1760.0,60.0
2026-09-30 13:15:00,3MW30SEP2026.csv,1770.0,1770.0,0.0,1860.0,1770.0,90.0
2026-09-30 13:30:00,3MW30SEP2026.csv,1810.0,1810.0,0.0,1840.0,1810.0,30.0
2026-09-30 13:45:00,3MW30SEP2026.csv,1820.0,1820.0,0.0,1910.0,1820.0,90.0
2026-09-30 14:00:00,3MW30SEP2026.csv,1770.0,1770.0,0.0,1880.0,1770.0,110.0
2026-09-30 14:15:00,3MW30SEP2026.csv,1540.0,1540.0,0.0,1680.0,1540.0,130.0
2026-09-30 14:30:00,3MW30SEP2026.csv,1270.0,1270.0,0.0,1330.0,1270.0,60.0
2026-09-30 14:45:00,3MW30SEP2026.csv,1250.0,1250.0,0.0,1270.0,1250.0,30.0
2026-09-30 15:00:00,3MW30SEP2026.csv,1240.0,1240.0,0.0,1280.0,1240.0,50.0
2026-09-30 15:15:00,3MW30SEP2026.csv,1260.0,1260.0,0.0,1320.0,1260.0,60.0
2026-09-30 15:30:00,3MW30SEP2026.csv,1220.0,1220.0,0.0,1330.0,1220.0,110.0
2026-09-30 15:45:00,3MW30SEP2026.csv,1220.0,1220.0,0.0,1270.0,1220.0,50.0
2026-09-30 16:00:00,3MW30SEP2026.csv,920.0,920.0,0.0,1130.0,920.0,210.0
2026-09-30 16:15:00,3MW30SEP2026.csv,680.0,680.0,0.0,1230.0,680.0,550.0
2026-09-30 16:30:00,3MW30SEP2026.csv,730.0,730.0,0.0,1550.0,730.0,820.0
2026-09-30 16:45:00,3MW30SEP2026.csv,620.0,620.0,0.0,1590.0,620.0,970.0
2026-09-30 17:00:00,3MW30SEP2026.csv,450.0,450.0,0.0,1270.0,450.0,820.0
2026-09-30 17:15:00,3MW30SEP2026.csv,270.0,270.0,0.0,1110.0,270.0,840.0
2026-09-30 17:30:00,3MW30SEP2026.csv,110.0,110.0,0.0,1330.0,110.0,1220.0
2026-09-30 17:45:00,3MW30SEP2026.csv,20.0,20.0,0.0,1290.0,20.0,1270.0
2026-09-30 18:00:00,3MW30SEP2026.csv,0.0,0.0,0.0,1800.0,0.0,1800.0
2026-09-30 18:15:00,3MW30SEP2026.csv,0.0,0.0,0.0,1590.0,0.0,1590.0
2026-09-30 18:30:00,3MW30SEP2026.csv,0.0,0.0,0.0,1290.0,0.0,1290.0
2026-09-30 18:45:00,3MW30SEP2026.csv,0.0,0.0,0.0,1330.0,0.0,1330.0
2026-09-30 19:00:00,3MW30SEP2026.csv,0.0,0.0,0.0,1310.0,0.0,1310.0
2026-09-30 19:15:00,3MW30SEP2026.csv,0.0,0.0,0.0,1700.0,0.0,1700.0
2026-09-30 19:30:00,3MW30SEP2026.csv,0.0,0.0,0.0,1650.0,0.0,1650.0
2026-09-30 19:45:00,3MW30SEP2026.csv,0.0,0.0,0.0,1320.0,0.0,1320.0
2026-09-30 20:00:00,3MW30SEP2026.csv,0.0,0.0,0.0,1290.0,0.0,1290.0
2026-09-30 20:15:00,3MW30SEP2026.csv,0.0,0.0,0.0,1320.0,0.0,1320.0
2026-09-30 20:30:00,3MW30SEP2026.csv,0.0,0.0,0.0,1770.0,0.0,1770.0
2026-09-30 20:45:00,3MW30SEP2026.csv,0.0,0.0,0.0,1760.0,0.0,1760.0
2026-09-30 21:00:00,3MW30SEP2026.csv,0.0,0.0,0.0,1790.0,0.0,1790.0
2026-09-30 21:15:00,3MW30SEP2026.csv,0.0,0.0,0.0,1810.0,0.0,1810.0
2026-09-30 21:30:00,3MW30SEP2026.csv,0.0,0.0,0.0,1780.0,0.0,1780.0
2026-09-30 21:45:00,3MW30SEP2026.csv,0.0,0.0,0.0,1790.0,0.0,1790.0
2026-09-30 22:00:00,3MW30SEP2026.csv,0.0,0.0,0.0,1520.0,0.0,1520.0
2026-09-30 22:15:00,3MW30SEP2026.csv,0.0,0.0,0.0,1810.0,0.0,1810.0
2026-09-30 22:30:00,3MW30SEP2026.csv,0.0,0.0,0.0,1800.0,0.0,1800.0
2026-09-30 22:45:00,3MW30SEP2026.csv,0.0,0.0,0.0,1710.0,0.0,1710.0
2026-09-30 23:00:00,3MW30SEP2026.csv,0.0,0.0,0.0,1760.0,0.0,1760.0
2026-09-30 23:15:00,3MW30SEP2026.csv,0.0,0.0,0.0,1720.0,0.0,1720.0
2026-09-30 23:30:00,3MW30SEP2026.csv,0.0,0.0,0.0,1690.0,0.0,1690.0
2026-09-30 23:45:00,3MW30SEP2026.csv,0.0,0.0,0.0,1700.0,0.0,1700.0
